#SampleID,Sample,State,Sample_Site,Collected_Date,Collected_Time,ClassificatioN,Land_use,Ag,P,N,STATION_ID,SAMPLE_DATE.bottle,SAMPLE_DATE.Actual,SAMPLE_TIME,CURRENT_SITE_NAME,CLASS,PH,SPC,BEDROCK.SUBSTRATE,BOULDER.SUBSTRATE,COBBLE.SUBSTRATE,GRAVEL.SUBSTRATE,SAND.SUBSTRATE,SILT.SUBSTRATE,CLAY.SUBSTRATE,VEGETATION.SUBSTRATE,DETRITUS.SUBSTRATE,RIFFLE,POOL,RUN,CASCADE,RAPID,DEADWATER,TOTAL_AREA_AC,TOTAL_AREA_HA,TOTAL_LAND_AREA_AC,TOTAL_LAND_AREA_HA,HIGH_INTENSITY_DEV_AC,HIGH_INTENSITY_DEV_HA,HIGH_INTENSITY_DEV_PCT_TA,HIGH_INTENSITY_DEV_PCT_TLA,MED_INTENSITY_DEV_AC,MED_INTENSITY_DEV_HA,MED_INTENSITY_DEV_PCT_TA,MED_INTENSITY_DEV_PCT_TLA,LOW_INTENSITY_DEV_AC,LOW_INTENSITY_DEV_HA,LOW_INTENSITY_DEV_PCT_TA,LOW_INTENSITY_DEV_PCT_TLA,ALL_DEV_AC,ALL_DEV_HA,ALL_DEV_PCT_TA,ALL_DEV_PCT_TLA,TILLED_AGRICULTURE_AC,TILLED_AGRICULTURE_HA,TILLED_AGRICULTURE_PCT_TA,TILLED_AGRICULTURE_PCT_TLA,GRASSLANDS,GRASSLANDS_AC,GRASSLANDS_HA,GRASSLANDS_PCT_TA,GRASSLANDS_PCT_TLA,UPLAND_WOODY,UPLAND_WOODY_AC,UPLAND_WOODY_HA,UPLAND_WOODY_PCT_TA,UPLAND_WOODY_PCT_TLA,WETLANDS_AC,WETLANDS_HA,WETLANDS_PCT_TA,WETLANDS_PCT_TLA,NONVEGETATED_AC,NONVEGETATED_HA,NONVEGETATED_PCT_TA,WATER_AC,WATER_HA,WATER_PCT_TA,HUMAN_ALTERED,HUMAN_ALTERED_AC,HUMAN_ALTERED_HA,HUMAN_ALTERED_PCT_TA,HUMAN_ALTERED_PCT_TLA,SOURCE_LC_YEAR,NATURAL,NATURAL_AC,NATURAL_HA,NATURAL_PCT_TA,NATURAL_PCT_TLA,EGAD_SEQ.y,IMPERV_AC,IMPERV_HA,IMPERV_PCT_TA,IMPERV_PCT_TLA
#q2:types,categorical,categorical,categorical,categorical,categorical,categorical,categorical,categorical,categorical,categorical,categorical,categorical,categorical,categorical,categorical,categorical,categorical,categorical,categorical,categorical,categorical,categorical,categorical,categorical,categorical,categorical,categorical,categorical,categorical,categorical,categorical,categorical,categorical,categorical,categorical,categorical,categorical,categorical,categorical,categorical,categorical,categorical,categorical,categorical,categorical,categorical,categorical,categorical,categorical,categorical,categorical,categorical,categorical,categorical,categorical,categorical,categorical,categorical,categorical,categorical,categorical,categorical,categorical,categorical,categorical,categorical,categorical,categorical,categorical,categorical,categorical,categorical,categorical,categorical,categorical,categorical,categorical,categorical,categorical,categorical,categorical,categorical,categorical,categorical,categorical,categorical,categorical,categorical,categorical,categorical,categorical,categorical,categorical
ME659b071822,sample,ME,659,7/18/2022,,,,,,,659,7/18/2022,7/18/2022,13:00,BULL BRANCH SUNDAY RIVER - STATION 659,A,6.62,24.1,5,35,35,15,10,0,0,0,0,40,25,30,5,0,0,10922.09044,4420.17,10910.30393,4415.4,0,0,0,0,0.222386953,0.09,0.002036121,0.00203832,3.113417346,1.26,0.028505691,0.00203832,3.335804299,1.35,0.030541812,0.030574806,0,0,0,0,14400,3.558191253,1.44,0.032577933,0.032613127,43687800,10795.10749,4368.78,98.83737503,98.94415002,12.67605634,5.13,0.116058885,0.116184264,0,0,0,11.78650852,4.77,0.107914401,452700,111.8606375,45.27,1.024168754,1.025275173,NLCD2016,43753500,10811.34173,4375.35,98.98601185,99.09294741,57401,0,0,0,0
ME1116b071422,sample,ME,1116,7/14/2022,,,,,,,1116,7/14/2022,7/14/2022,10:30,RICHARDSON BROOK - STATION 1116,A,6.68,28.6,0,20,70,5,5,0,0,0,0,40,10,50,0,0,0,3006.671609,1216.8,2937.286879,1188.72,0,0,0,0,0,0,0,0,4.670126019,1.89,0.155325444,0,4.670126019,1.89,0.155325444,0.158994549,0.444773907,0.18,0.014792899,0.015142338,243900,60.26686434,24.39,2.00443787,2.051786796,10006200,2472.498147,1000.62,82.23372781,84.17625681,385.841364,156.15,12.83284024,13.1359782,0,0,0,69.38472943,28.08,2.307692308,474300,117.1979244,47.43,3.897928994,3.990006057,NLCD2016,11811600,2918.606375,1181.16,97.07100592,99.3640218,0,0,0,0,0
ME944b071322,sample,ME,944,7/13/2022,,,,,,,944,7/13/2022,7/13/2022,10:08,STONE BROOK - STATION 944,B,7.96,1015,0,40,30,0,0,30,0,0,0,70,5,20,5,0,0,2189.621942,886.14,2188.732394,885.78,86.50852483,35.01,3.950842982,3.952448689,135.2112676,54.72,6.175096486,6.177606178,275.7598221,111.6,12.59394678,6.177606178,497.4796145,201.33,22.71988625,22.7291201,0.66716086,0.27,0.030469226,0.030481609,607500,150.1111935,60.75,6.855575868,6.858362122,4624200,1142.624166,462.42,52.18362787,52.20483642,202.5945145,81.99,9.25248832,9.25624873,6.004447739,2.43,0.274334485,0.889547813,0.36,0.040625635,3364200,831.2824314,336.42,37.9646557,37.98008535,NLCD2016,6075900,1501.334322,607.59,68.56591509,68.59378175,0,0,0,0,0
ME620b071122,sample,ME,620,7/11/2022,,,,,,,620,7/11/2022,7/11/2022,15:45,KENNEDY BROOK - STATION 620,B,8.13,972,0,15,40,30,10,5,0,0,0,80,0,20,0,0,0,287.1015567,116.19,287.1015567,116.19,15.56708673,6.3,5.422153369,5.422153369,34.24759081,13.86,11.92873741,11.92873741,49.36990363,19.98,17.19597211,11.92873741,99.18458117,40.14,34.5468629,34.5468629,0,0,0,0,11700,2.891030393,1.17,1.00697134,1.00697134,675000,166.790215,67.5,58.09450039,58.09450039,0,0,0,0,0,0,0,0,0,0,486900,120.3113417,48.69,41.90549961,41.90549961,NLCD2016,686700,169.6812454,68.67,59.10147173,59.10147173,57362,229.4682589,92.8625,29.8202516,29.8202516
ME619b071322,sample,ME,619,7/13/2022,,,,,,,619,7/13/2022,7/13/2022,8:57,STONE BROOK - STATION 619,B,7.72,1009,0,0,20,30,25,25,0,0,0,50,0,50,0,0,0,2281.690141,923.4,2280.800593,923.04,88.73239437,35.91,3.888888889,3.890405616,141.8828762,57.42,6.218323587,6.22074883,290.8821349,117.72,12.74853801,6.22074883,521.4974055,211.05,22.85575049,22.86466459,0.66716086,0.27,0.029239766,0.02925117,607500,150.1111935,60.75,6.578947368,6.581513261,4844700,1197.10897,484.47,52.46588694,52.48634945,207.7094144,84.06,9.10331384,9.106864275,6.004447739,2.43,0.26326053,0.889547813,0.36,0.038986355,3495600,863.7509266,349.56,37.85575049,37.87051482,NLCD2016,6317100,1560.934025,631.71,68.41130604,68.43798752,57361,271.0560989,109.6925,11.97147168,12.0021555
ME550b071222,sample,ME,550,7/12/2022,,,,,,,550,7/12/2022,7/12/2022,11:00,WEST BRANCH SHEEPSCOT RIVER - STATION 550,AA,8.21,173.1,40,50,5,5,0,0,0,0,0,25,5,50,20,0,0,31981.02298,12942.72,31512.89844,12753.27,24.01779096,9.72,0.075100134,0.076215747,138.9918458,56.25,0.434607254,0.441063351,600.4447739,243,1.877503338,0.441063351,763.4544107,308.97,2.387210725,2.422672773,190.585619,77.13,0.595933467,0.604786067,16251300,4015.641216,1625.13,12.5563251,12.74284948,82303200,20336.84211,8230.32,63.59034268,64.53497809,5351.964418,2165.94,16.73481308,16.98340896,249.7405486,101.07,0.792502629,468.1245367,189.45,1.463757232,21237300,5247.664937,2123.73,16.4086838,16.65243502,NLCD2016,121224600,29954.18829,12122.46,93.66238318,95.05373916,57293,1358.356957,549.7075,4.19921466,4.2695447
ME601b071122,sample,ME,601,7/11/2022,,,,,,,601,7/11/2022,7/11/2022,11:39,WHITNEY BROOK - STATION 601,B,7.75,800,0,40,40,0,0,10,0,10,0,40,10,50,0,0,0,1074.128984,434.7,1073.684211,434.52,37.36100815,15.12,3.47826087,3.47970174,147.2201631,59.58,13.70600414,13.71168186,258.8584136,104.76,24.09937888,13.71168186,443.4395849,179.46,41.28364389,41.30074565,1.33432172,0.54,0.124223602,0.124275062,256500,63.38028169,25.65,5.900621118,5.903065452,1320300,326.2416605,132.03,30.37267081,30.38525269,51.14899926,20.7,4.761904762,4.763877382,2.00148258,0.81,0.186412593,0.444773907,0.18,0.041407867,2800800,692.0681987,280.08,64.43064182,64.45733223,NLCD2016,1791900,442.772424,179.19,41.22153209,41.23860812,57343,220.4365562,89.2075,21.19068828,21.19068828
ME393b071122,sample,ME,393,7/11/2022,,,,,,,393,7/11/2022,7/19/2022,11:00,SHEEPSCOT RIVER - STATION 393,B,6.54,44.9,0,25,35,25,15,0,0,0,0,85,5,10,0,0,0,27861.97183,11275.74,26318.38399,10651.05,1.33432172,0.54,0.004789043,0.005069923,23.12824314,9.36,0.083010073,0.08787866,148.7768718,60.21,0.533978258,0.08787866,173.2394366,70.11,0.621777373,0.658244962,180.800593,73.17,0.648915282,0.686974524,6406200,1582.950334,640.62,5.681400955,6.014618277,86545800,21385.1742,8654.58,76.75398688,81.25565085,3595.997035,1455.3,12.90647,13.66344163,6.893995552,2.79,0.026194601,1543.587843,624.69,5.540124196,8367300,2067.531505,836.73,7.420621618,7.855845198,NLCD2016,107532900,26571.01557,10753.29,95.36660122,100.9599054,57136,588.846008,238.2975,2.00773658,2.12090771
ME756b072022,sample,ME,756,7/20/2022,,,,,,,756,7/20/2022,7/20/2022,11:00,MARTIN STREAM (DIXMONT) - STATION 756,A,7.69,117.8,10,20,15,20,15,15,0,0,5,10,0,85,5,0,0,12450.55597,5038.74,12444.10675,5036.13,1.33432172,0.54,0.010716965,0.010722519,11.11934766,4.5,0.089308041,0.089354326,106.9681245,43.29,0.859143357,0.089354326,119.4217939,48.33,0.959168364,0.959665457,11.78650852,4.77,0.094666524,0.094715585,4067100,1004.966642,406.71,8.071660772,8.075843952,38999700,9636.693847,3899.97,77.39970707,77.43981986,1337.657524,541.35,10.74375737,10.74932537,73.8324685,29.88,0.593312722,6.449221646,2.61,0.051798664,4226400,1044.329133,422.64,8.387811239,8.392158264,NLCD2016,48779100,12053.15048,4877.91,96.8081306,96.85830191,57498,252.7208777,102.2725,1.96851455,1.97081713
ME697b072022,sample,ME,697,7/20/2022,,,,,,,697,7/20/2022,7/20/2022,14:30,HALFMOON STREAM - STATION 697,A,8.33,130.4,5,5,50,25,15,0,0,0,0,70,0,30,0,0,0,20383.32098,8249.13,20375.75982,8246.07,8.895478132,3.6,0.043640966,0.04365716,55.15196442,22.32,0.270573988,0.270674394,250.4077094,101.34,1.228493187,0.270674394,314.455152,127.26,1.54270814,1.543280617,442.1052632,178.92,2.168955999,2.169760868,12375000,3057.820608,1237.5,15.00158199,15.00714886,60463800,14940.4003,6046.38,73.29718407,73.32438362,956.7086731,387.18,4.693585869,4.695327592,76.72349889,31.05,0.376543008,7.561156412,3.06,0.037094821,14961600,3696.960712,1496.16,18.13718538,18.14391583,NLCD2016,77021100,19031.65308,7702.11,93.36875525,93.40340308,57439,556.6667063,225.275,2.74118207,2.74897508
ME253b072022,sample,ME,253,7/20/2022,,,,,,,253,7/20/2022,7/20/2022,11:16,COBBOSSEECONTEE STREAM - STATION 253,B,8.14,149.9,0,10,40,25,25,0,0,0,0,0,15,85,0,0,0,123938.9177,50158.08,108924.4626,44081.73,200.5930319,81.18,0.1618483,0.184157927,986.7309118,399.33,0.796142915,0.9058855,3608.673091,1460.43,2.911654513,0.9058855,4795.997035,1940.94,3.869645728,4.40304861,61.37879911,24.84,0.049523427,0.056349876,60028200,14832.76501,6002.82,11.9678026,13.61747826,344355300,85089.02891,34435.53,68.6540035,78.11746499,11963.97331,4841.82,9.653120694,10.98373408,438.9918458,177.66,0.40302411,15014.45515,6076.35,12.11439912,99019800,24467.45738,9901.98,19.74154513,22.46277539,NLCD2016,454578300,112324.7591,45457.83,90.62912695,103.1217014,56996,5539.287784,2241.67,4.00200844,4.48617525
ME74b071222,sample,ME,74,7/12/2022,,,,,,,74,7/12/2022,7/12/2022,13:15,SHEEPSCOT RIVER - STATION 74,AA,7.61,92.7,0,50,40,5,5,0,0,0,0,20,0,80,0,0,0,87888.43588,35568.45,84340.02965,34132.41,29.35507784,11.88,0.033400387,0.034805629,214.381023,86.76,0.243924039,0.254186563,1013.639733,410.22,1.153325489,0.254186563,1257.375834,508.86,1.430649916,1.49084111,484.3587843,196.02,0.551106388,0.574292879,30317400,7491.326909,3031.74,8.523677585,8.882291054,247931100,61262.93551,24793.11,69.7053428,72.63802937,14097.33136,5705.19,16.04002986,16.71487598,323.1282431,130.77,0.383125598,3548.406227,1436.04,4.037398312,39669300,9802.149741,3966.93,11.15294594,11.62217962,NLCD2016,336608100,83174.72202,33660.81,94.63670753,98.618322,56817,2715.737847,1099.02,3.02934875,3.16319831
ME604b071922,sample,ME,604,7/19/2022,,,,,,,604,7/19/2022,7/19/2022,11:00,CHINA LAKE OUTLET STREAM - STATION 604,B,7.77,162.7,0,5,50,20,15,10,0,0,0,40,0,60,0,0,0,27566.41957,11156.13,23497.85026,9509.58,35.35952557,14.31,0.128270287,0.150479832,192.1423277,77.76,0.697015901,0.817701728,717.1979244,290.25,2.601708657,0.817701728,944.6997776,382.32,3.426994845,4.02036683,172.7946627,69.93,0.626830272,0.735363707,13789800,3407.412898,1378.98,12.360738,14.50095588,66883500,16526.68643,6688.35,59.9522415,70.33275918,5286.805041,2139.57,19.17842478,22.49910091,107.4128984,43.47,0.45711798,4068.569311,1646.55,14.75915035,21573000,5330.615271,2157.3,19.33735086,22.68554447,NLCD2016,102503700,25328.31727,10250.37,91.88105553,107.7899339,57346,1451.157393,587.2625,4.33844115,4.9484691
ME18b072122,sample,ME,18,7/21/2022,,,,,,,18,7/21/2022,7/21/2022,11:49,SANDY RIVER - STATION 18,B,7.21,38.8,0,55,25,10,10,0,0,0,0,60,15,25,0,0,0,90314.89993,36550.44,89875.46331,36372.6,7.116382506,2.88,0.007879522,0.007918048,74.49962936,30.15,0.082488747,0.082892067,399.851742,161.82,0.442730648,0.082892067,481.4677539,194.85,0.533098918,0.535705449,0.444773907,0.18,0.00049247,0.000494878,6398100,1580.948851,639.81,1.750485083,1.759043896,339725700,83945.07042,33972.57,92.94708901,93.40154402,2557.67235,1035.09,2.831949492,2.845796011,122.9799852,49.77,0.13683377,439.4366197,177.84,0.48656049,9717300,2401.111935,971.73,2.658600006,2.671598951,NLCD2016,356972400,88206.67161,35697.24,97.66569158,98.1432177,56761,778.3079014,314.97,0.86323477,0.86813049
ME674b071822,sample,ME,674,7/18/2022,,,,,,,674,7/18/2022,7/18/2022,10:43,WILD RIVER - STATION 674,AA,7.25,19.9,0,30,20,35,15,0,0,0,0,35,35,30,0,0,0,41802.07561,16917.3,41793.40252,16913.79,0,0,0,0,0.889547813,0.36,0.002127999,0.002128441,5.114899926,2.07,0.012235995,0.002128441,6.004447739,2.43,0.014363994,0.014366975,0,0,0,0,67500,16.6790215,6.75,0.039899984,0.039908264,167461200,41379.09563,16746.12,98.9881364,99.00867872,272.2016308,110.16,0.65116774,0.651302872,14.23276501,5.76,0.034055052,8.673091179,3.51,0.020747992,513900,126.9829503,51.39,0.303771878,0.303834918,NLCD2016,168687900,41682.20904,16868.79,99.71325211,99.73394491,57416,42.37857735,17.15,0.3977351,0.39791529
ME837b072022,sample,ME,837,7/20/2022,,,,,,,837,7/20/2022,7/20/2022,12:30,VAUGHAN BROOK - STATION 837,B,7.91,324.6,10,45,35,5,5,0,0,0,0,90,0,10,0,0,0,3699.629355,1497.24,3685.841364,1491.66,30.91178651,12.51,0.835537389,0.838662966,109.414381,44.28,2.957441693,2.968504887,204.595997,82.8,5.530175523,2.968504887,344.9221646,139.59,9.323154604,9.35803065,1.33432172,0.54,0.036066362,0.036201279,3059100,755.8932543,305.91,20.43159413,20.50802462,7281900,1799.332839,728.19,48.6354893,48.81742488,461.897702,186.93,12.48497235,12.53167612,15.78947368,6.39,0.428381803,13.7879911,5.58,0.372685742,5695200,1407.26464,569.52,38.0379899,38.18028237,NLCD2016,12274200,3032.913269,1227.42,81.97884107,82.28550742,64100,185.7182465,75.1575,5.00067368,5.00795429
MECBSb072122,sample,ME,CBS,7/21/2022,,,,,,,1210,7/21/2022,7/21/2022,11:15,CURRIER BROOK - STATION 1210,B,,,,,,,,,,,,,,,,,,,,,,,,,,,,,,,,,,,,,,,,,,,,,,,,,,,,,,,,,,,,,,,,,,,,,,,,,,,,,
ME755b072022,sample,ME,755,7/20/2022,,,,,,,755,7/20/2022,7/20/2022,12:00,MARTIN STREAM (DIXMONT) - STATION 755,A,7.69,119.6,5,25,25,25,20,0,0,0,0,10,20,70,0,0,0,12448.77687,5038.02,12442.32765,5035.41,1.111934766,0.45,0.00893208,0.00893671,11.11934766,4.5,0.089320805,0.089367102,106.9681245,43.29,0.85926614,0.089367102,119.199407,48.24,0.957519025,0.958015335,11.78650852,4.77,0.094680053,0.094729128,4067100,1004.966642,406.71,8.07281432,8.076998695,38997900,9636.249073,3899.79,77.40719568,77.44731809,1336.545589,540.9,10.73636071,10.74192568,73.8324685,29.88,0.593397558,6.449221646,2.61,0.051806067,4225500,1044.106746,422.55,8.387223552,8.391570895,NLCD2016,48772800,12051.59377,4877.28,96.80946086,96.85964003,57497,243.8189054,98.67,1.91392479,1.91618092
ME1149b071422,sample,ME,1149,7/14/2022,,,,,,,1149,7/14/2022,7/14/2022,14:30,BEAVERDAM STREAM - STATION 1149,AA,6.75,55.5,0,30,50,10,10,0,0,0,0,50,0,50,0,0,0,5914.158636,2393.46,5548.554485,2245.5,1.33432172,0.54,0.02256148,0.024048096,12.67605634,5.13,0.21433406,0.228456914,8.228317272,3.33,0.139129127,0.228456914,22.23869533,9,0.376024667,0.400801603,123.869533,50.13,2.094457396,2.23246493,174600,43.14306894,17.46,0.729487854,0.77755511,19422900,4799.332839,1942.29,81.14988343,86.49699399,838.176427,339.21,14.17236971,15.10621242,4.002965159,1.62,0.072144289,365.6041512,147.96,6.181845529,928800,229.5033358,92.88,3.880574566,4.136272545,NLCD2016,23005800,5684.6553,2300.58,96.11942543,102.4529058,134342,42.66317246,17.2652,0.67978514,0.71875966
ME268b071922,sample,ME,268,7/19/2022,,,,,,,268,7/19/2022,7/19/2022,9:09,WEST BRANCH SHEEPSCOT RIVER - STATION 268,AA,7.46,94.9,0,15,20,25,25,0,0,0,15,20,20,60,0,0,0,8515.418829,3446.19,8181.171238,3310.92,1.779095626,0.72,0.020892638,0.021746222,26.46404744,10.71,0.31077799,0.323475046,113.8621201,46.08,1.337128829,0.323475046,142.1052632,57.51,1.668799457,1.73697945,41.36397331,16.74,0.485753832,0.505599652,3129300,773.2394366,312.93,9.080462772,9.45145156,24282000,6000,2428.2,70.46042151,73.33913233,1273.387695,515.34,14.95390562,15.56485811,4.892512973,1.98,0.059802109,334.2475908,135.27,3.925204356,4083300,1008.969607,408.33,11.8487373,12.33282592,NLCD2016,32584500,8051.519644,3258.45,94.55224465,98.4152441,57011,314.3427886,127.21,3.33915627,3.46556333
ME977b071922,sample,ME,977,7/19/2022,,,,,,,977,7/19/2022,7/19/2022,12:30,PERKINS STREAM - STATION 977,B,7.9,828,0,5,80,10,5,0,0,0,0,60,0,35,5,0,0,833.283914,337.23,833.0615271,337.14,86.73091179,35.1,10.40832666,10.41110518,113.8621201,46.08,13.66426475,13.66791244,130.0963677,52.65,15.61248999,13.66791244,330.6893996,133.83,39.6850814,39.69567539,0,0,0,0,24300,6.004447739,2.43,0.720576461,0.72076882,1306800,322.9058562,130.68,38.7510008,38.76134544,34.02520385,13.77,4.083266613,4.084356647,0.889547813,0.36,0.106780566,0.222386953,0.09,0.026688017,1921500,474.7961453,192.15,56.97891647,56.99412707,NLCD2016,1472400,363.8250556,147.24,43.66159594,43.67325147,0,0,0,0,0
ME1038b071922,sample,ME,1038,7/19/2022,,,,,,,1038,7/19/2022,7/19/2022,14:00,FISH BROOK - STATION 1038,B,8.97,217.8,0,35,30,0,20,15,0,0,0,50,NA,50,0,0,20,4791.549296,1939.14,4782.876205,1935.63,4.892512973,1.98,0.10210712,0.102292277,33.58042995,13.59,0.700826139,0.702096992,130.9859155,53.01,2.733686067,0.702096992,169.4588584,68.58,3.536619326,3.543032501,75.83395107,30.69,1.582660355,1.585530292,4589100,1133.951075,458.91,23.6656456,23.70856,11033100,2726.24166,1103.31,56.89687181,57.0000465,541.0674574,218.97,11.29211919,11.3125959,16.01186064,6.48,0.334774725,8.673091179,3.51,0.181008076,5919300,1462.638992,591.93,30.52538754,30.58074115,NLCD2016,17876700,4417.272053,1787.67,92.18880535,92.35597712,0,0,0,0,0
ME768b072722,sample,ME,768,7/27/2022,,,,,,,768,7/27/2022,7/27/2022,14:30,CARRYING PLACE STREAM - STATION 768,A,7.4,45.2,40,40,10,5,5,0,0,0,0,30,20,20,30,0,0,6529.058562,2642.31,6218.606375,2516.67,0,0,0,0,1.556708673,0.63,0.023842774,0.025033079,7.561156412,3.06,0.115807759,0.025033079,9.117865085,3.69,0.139650533,0.146622322,0,0,0,0,1602000,395.8487769,160.2,6.062876801,6.365554483,22984200,5679.318013,2298.42,86.98525154,91.32782606,295.5522609,119.61,4.526720937,4.752708937,0,0,0,310.4521868,125.64,4.754930345,640800,158.3395107,64.08,2.42515072,2.546221793,NLCD2016,25782300,6370.719051,2578.23,97.57484928,102.4460895,57510,4.28727882,1.735,0.06538066,0.06875365
ME1211b072522,sample,ME,1211,7/25/2022,,,,,,,1211,7/25/2022,7/25/2022,8:41,FILLIBROWN STREAM - STATION 1211,B,7.56,175.2,0,15,30,30,25,0,0,0,0,10,15,75,0,0,0,NA,NA,NA,NA,NA,NA,NA,NA,NA,NA,NA,NA,NA,NA,NA,NA,NA,NA,NA,NA,NA,NA,NA,NA,NA,NA,NA,NA,NA,NA,NA,NA,NA,NA,NA,NA,NA,NA,NA,NA,NA,NA,NA,NA,NA,NA,NA,NA,NA,NA,NA,NA,NA,NA,NA,NA,NA,NA,NA,NA
ME869b072622,sample,ME,869,7/26/2022,,,,,,,869,7/26/2022,7/26/2022,11:30,BURNHAM BROOK - STATION 869,A,7.57,96.8,5,10,45,20,15,5,0,0,0,40,10,50,0,0,0,5180.059303,2096.37,4769.3106,1930.14,0,0,0,0,0.444773907,0.18,0.008586271,0.009325748,17.79095626,7.2,0.343450822,0.009325748,18.23573017,7.38,0.352037093,0.382355684,0,0,0,0,81900,20.23721275,8.19,0.39067531,0.424321552,18331200,4529.577465,1833.12,87.44257932,94.97342162,539.9555226,218.52,10.42373245,11.32145855,2.446256486,0.99,0.051291616,410.7487027,166.23,7.929420856,355500,87.84284655,35.55,1.695788434,1.841835307,NLCD2016,20608200,5092.216457,2060.82,98.30421157,106.7704933,74961,19.8240313,8.0225,0.35943302,0.38898714
ME1212b072522,sample,ME,1212,7/25/2022,,,,,,,1212,7/25/2022,7/28/2022,12:24,KATAHADIN BROOK - STATION 1212,AA,7.43,29.2,0,20,35,15,30,0,0,0,0,40,5,55,0,0,0,NA,NA,NA,NA,NA,NA,NA,NA,NA,NA,NA,NA,NA,NA,NA,NA,NA,NA,NA,NA,NA,NA,NA,NA,NA,NA,NA,NA,NA,NA,NA,NA,NA,NA,NA,NA,NA,NA,NA,NA,NA,NA,NA,NA,NA,NA,NA,NA,NA,NA,NA,NA,NA,NA,NA,NA,NA,NA,NA,NA
ME841b072622,sample,ME,841,7/26/2022,,,,,,,841,7/26/2022,7/26/2022,14:00,NORTH BROOK - STATION 841,A,7.06,55.9,0,5,70,10,5,0,0,0,10,25,5,70,0,0,0,2267.90215,917.82,2267.012602,917.46,0,0,0,0,0,0,0,0,12.67605634,5.13,0.558933124,0,12.67605634,5.13,0.558933124,0.559152443,0,0,0,0,312300,77.16827279,31.23,3.402627966,3.403963116,8055900,1990.585619,805.59,87.77211218,87.80655287,114.084507,46.17,5.030398117,5.032371984,0.889547813,0.36,0.039238768,0.889547813,0.36,0.039223377,344700,85.17420311,34.47,3.75563836,3.757112027,NLCD2016,8833500,2182.727947,883.35,96.24436164,96.28212674,64110,7.09192519,2.87,0.32482415,0.32482415
ME1212Kb072822,sample,ME,1212K,7/28/2022,,,,,,,1212K,7/28/2022,7/28/2022,14:30,WASSATAQUOIK STREAM - STATION 1148 (if not dupe of 1212),AA,7.28,18.8,0,35,35,20,10,0,0,0,0,20,0,80,0,0,0,NA,NA,NA,NA,NA,NA,NA,NA,NA,NA,NA,NA,NA,NA,NA,NA,NA,NA,NA,NA,NA,NA,NA,NA,NA,NA,NA,NA,NA,NA,NA,NA,NA,NA,NA,NA,NA,NA,NA,NA,NA,NA,NA,NA,NA,NA,NA,NA,NA,NA,NA,NA,NA,NA,NA,NA,NA,NA,NA,NA
ME636b072722,sample,ME,636,7/27/2022,,,,,,,636,7/27/2022,7/27/2022,0:30,KENNEBEC RIVER - STATION 636,A,7.42,38.8,0,10,45,35,5,0,0,0,0,10,0,90,0,0,0,1597728.391,646600.68,1446717.42,585486.54,281.097109,113.76,0.017593548,0.019429994,1694.14381,685.62,0.106034531,0.117102607,6717.197924,2718.45,0.420421766,0.117102607,8692.438844,3517.83,0.544049845,0.600838749,37.36100815,15.12,0.002338383,0.002582468,277640100,68603.92884,27764.01,4.293841757,4.742040697,5389696800,1331775.834,538969.68,83.35433238,92.05500779,150720.7561,60996.69,9.433440435,10.41811995,5647.294292,2285.46,0.39035227,151010.9711,61114.14,9.45160466,167748300,41450.03706,16774.83,2.594310603,2.865109418,NLCD2016,6300158400,1556747.813,630015.84,97.43507229,107.6055207,0,0,0,0,0
ME486b072722,sample,ME,486,7/27/2022,,,,,,,486,7/27/2022,7/27/2022,10:15,EAST BRANCH WESSERUNSETT STREAM - STATION 486,A,7.77,67.6,20,45,30,0,5,0,0,0,0,80,0,20,0,0,0,11405.78206,4615.92,11221.86805,4541.49,3.335804299,1.35,0.029246607,0.029725927,10.67457376,4.32,0.093589144,0.095122966,68.93995552,27.9,0.604429886,0.095122966,82.95033358,33.57,0.727265637,0.739184717,0,0,0,0,2418300,597.5537435,241.83,5.239042271,5.324904382,38070000,9406.968125,3807,82.47543285,83.82711401,1028.984433,416.43,9.021603494,9.169457601,10.22979985,4.14,0.091159509,183.9140104,74.43,1.612462954,1885500,465.9006672,188.55,4.084776166,4.151721131,NLCD2016,44694000,11043.7361,4469.4,96.82576821,98.4126355,57229,106.2676804,43.005,0.91034851,0.92359632
ME1148b072822,sample,ME,1148,7/28/2022,,,,,,,1148,7/28/2022,7/28/2022,14:30,WASSATAQUOIK STREAM - STATION 1148,AA,7.28,18.8,0,35,35,20,10,0,0,0,0,20,0,80,0,0,0,51419.19941,20809.35,51002.66864,20640.78,0,0,0,0,0,0,0,0,0,0,0,0,0,0,0,0,0,0,0,0,364500,90.06671609,36.45,0.175161646,0.176592164,189515700,46828.68792,18951.57,91.07237852,91.8161523,3344.699778,1353.6,6.504768289,6.557891708,1155.744996,467.73,2.266048085,416.5307635,168.57,0.810068551,0,0,0,0,0,NLCD2016,208093500,51419.19941,20809.35,100,100.8166843,134372,0,0,0,0
XB1120822,blank,ME,,,,,,,,,,,,,,,,,,,,,,,,,,,,,,,,,,,,,,,,,,,,,,,,,,,,,,,,,,,,,,,,,,,,,,,,,,,,,,,,,,,,,,,,,,,
XB2120822,blank,ME,,,,,,,,,,,,,,,,,,,,,,,,,,,,,,,,,,,,,,,,,,,,,,,,,,,,,,,,,,,,,,,,,,,,,,,,,,,,,,,,,,,,,,,,,,,
XB3120822,blank,ME,,,,,,,,,,,,,,,,,,,,,,,,,,,,,,,,,,,,,,,,,,,,,,,,,,,,,,,,,,,,,,,,,,,,,,,,,,,,,,,,,,,,,,,,,,,
CT19163b052422,sample,CT,19163,5/24/2022,,,,,,,,,,,,,,,,,,,,,,,,,,,,,,,,,,,,,,,,,,,,,,,,,,,,,,,,,,,,,,,,,,,,,,,,,,,,,,,,,,,,,,,,,
CT14842b052422,sample,CT,14842,5/24/2022,,,,,,,,,,,,,,,,,,,,,,,,,,,,,,,,,,,,,,,,,,,,,,,,,,,,,,,,,,,,,,,,,,,,,,,,,,,,,,,,,,,,,,,,,
CT15680-Db052622,sample,CT,15680-D,5/26/2022,,,,,,,,,,,,,,,,,,,,,,,,,,,,,,,,,,,,,,,,,,,,,,,,,,,,,,,,,,,,,,,,,,,,,,,,,,,,,,,,,,,,,,,,,
CT15680b052622,sample,CT,15680,5/26/2022,,,,,,,,,,,,,,,,,,,,,,,,,,,,,,,,,,,,,,,,,,,,,,,,,,,,,,,,,,,,,,,,,,,,,,,,,,,,,,,,,,,,,,,,,
CT20123b051322,sample,CT,20123,6/13/2022,,,,,,,,,,,,,,,,,,,,,,,,,,,,,,,,,,,,,,,,,,,,,,,,,,,,,,,,,,,,,,,,,,,,,,,,,,,,,,,,,,,,,,,,,
CT14866b061322,sample,CT,14866,6/13/2022,,,,,,,,,,,,,,,,,,,,,,,,,,,,,,,,,,,,,,,,,,,,,,,,,,,,,,,,,,,,,,,,,,,,,,,,,,,,,,,,,,,,,,,,,
CT16416b061322,sample,CT,16416,6/13/2022,,,,,,,,,,,,,,,,,,,,,,,,,,,,,,,,,,,,,,,,,,,,,,,,,,,,,,,,,,,,,,,,,,,,,,,,,,,,,,,,,,,,,,,,,
CT17339b061322,sample,CT,17339,6/13/2022,,,,,,,,,,,,,,,,,,,,,,,,,,,,,,,,,,,,,,,,,,,,,,,,,,,,,,,,,,,,,,,,,,,,,,,,,,,,,,,,,,,,,,,,,
CT19040b061522,sample,CT,19040,6/15/2022,,,,,,,,,,,,,,,,,,,,,,,,,,,,,,,,,,,,,,,,,,,,,,,,,,,,,,,,,,,,,,,,,,,,,,,,,,,,,,,,,,,,,,,,,
CT16933b061522,sample,CT,16933,6/15/2022,,,,,,,,,,,,,,,,,,,,,,,,,,,,,,,,,,,,,,,,,,,,,,,,,,,,,,,,,,,,,,,,,,,,,,,,,,,,,,,,,,,,,,,,,
CT16758-Db061622,sample,CT,16758-D,6/16/2022,,,,,,,,,,,,,,,,,,,,,,,,,,,,,,,,,,,,,,,,,,,,,,,,,,,,,,,,,,,,,,,,,,,,,,,,,,,,,,,,,,,,,,,,,
CT16758b062022,sample,CT,16758,6/16/2022,,,,,,,,,,,,,,,,,,,,,,,,,,,,,,,,,,,,,,,,,,,,,,,,,,,,,,,,,,,,,,,,,,,,,,,,,,,,,,,,,,,,,,,,,
CT20059b062022,sample,CT,20059,6/20/2022,,,,,,,,,,,,,,,,,,,,,,,,,,,,,,,,,,,,,,,,,,,,,,,,,,,,,,,,,,,,,,,,,,,,,,,,,,,,,,,,,,,,,,,,,
CT20229b062022,sample,CT,20229,6/20/2022,,,,,,,,,,,,,,,,,,,,,,,,,,,,,,,,,,,,,,,,,,,,,,,,,,,,,,,,,,,,,,,,,,,,,,,,,,,,,,,,,,,,,,,,,
CT14413b062022,sample,CT,14413,6/20/2022,,,,,,,,,,,,,,,,,,,,,,,,,,,,,,,,,,,,,,,,,,,,,,,,,,,,,,,,,,,,,,,,,,,,,,,,,,,,,,,,,,,,,,,,,
CT20634b062322,sample,CT,20634,6/23/2022,,,,,,,,,,,,,,,,,,,,,,,,,,,,,,,,,,,,,,,,,,,,,,,,,,,,,,,,,,,,,,,,,,,,,,,,,,,,,,,,,,,,,,,,,
CT18795-Db062322,sample,CT,18795-D,6/23/2022,,,,,,,,,,,,,,,,,,,,,,,,,,,,,,,,,,,,,,,,,,,,,,,,,,,,,,,,,,,,,,,,,,,,,,,,,,,,,,,,,,,,,,,,,
CT18795b062322,sample,CT,18795,6/23/2022,,,,,,,,,,,,,,,,,,,,,,,,,,,,,,,,,,,,,,,,,,,,,,,,,,,,,,,,,,,,,,,,,,,,,,,,,,,,,,,,,,,,,,,,,
CT20525b062922,sample,CT,20525,6/29/2022,,,,,,,,,,,,,,,,,,,,,,,,,,,,,,,,,,,,,,,,,,,,,,,,,,,,,,,,,,,,,,,,,,,,,,,,,,,,,,,,,,,,,,,,,
CT16038b063022,sample,CT,16038,6/30/2022,,,,,,,,,,,,,,,,,,,,,,,,,,,,,,,,,,,,,,,,,,,,,,,,,,,,,,,,,,,,,,,,,,,,,,,,,,,,,,,,,,,,,,,,,
CT20636b063022,sample,CT,20636,6/30/2022,,,,,,,,,,,,,,,,,,,,,,,,,,,,,,,,,,,,,,,,,,,,,,,,,,,,,,,,,,,,,,,,,,,,,,,,,,,,,,,,,,,,,,,,,
CT15244b070522,sample,CT,15244,7/5/2022,,,,,,,,,,,,,,,,,,,,,,,,,,,,,,,,,,,,,,,,,,,,,,,,,,,,,,,,,,,,,,,,,,,,,,,,,,,,,,,,,,,,,,,,,
CT17141b070522,sample,CT,17141,7/5/2022,,,,,,,,,,,,,,,,,,,,,,,,,,,,,,,,,,,,,,,,,,,,,,,,,,,,,,,,,,,,,,,,,,,,,,,,,,,,,,,,,,,,,,,,,
CT20638b070522,sample,CT,20638,7/5/2022,,,,,,,,,,,,,,,,,,,,,,,,,,,,,,,,,,,,,,,,,,,,,,,,,,,,,,,,,,,,,,,,,,,,,,,,,,,,,,,,,,,,,,,,,
CT20635b070622,sample,CT,20635,7/6/2022,,,,,,,,,,,,,,,,,,,,,,,,,,,,,,,,,,,,,,,,,,,,,,,,,,,,,,,,,,,,,,,,,,,,,,,,,,,,,,,,,,,,,,,,,
CT19022b070622,sample,CT,19022,7/6/2022,,,,,,,,,,,,,,,,,,,,,,,,,,,,,,,,,,,,,,,,,,,,,,,,,,,,,,,,,,,,,,,,,,,,,,,,,,,,,,,,,,,,,,,,,
CT16583b070622,sample,CT,16583,7/6/2022,,,,,,,,,,,,,,,,,,,,,,,,,,,,,,,,,,,,,,,,,,,,,,,,,,,,,,,,,,,,,,,,,,,,,,,,,,,,,,,,,,,,,,,,,
CT20640b070722,sample,CT,20640,7/7/2022,,,,,,,,,,,,,,,,,,,,,,,,,,,,,,,,,,,,,,,,,,,,,,,,,,,,,,,,,,,,,,,,,,,,,,,,,,,,,,,,,,,,,,,,,
CT20641b070722,sample,CT,20641,7/7/2022,,,,,,,,,,,,,,,,,,,,,,,,,,,,,,,,,,,,,,,,,,,,,,,,,,,,,,,,,,,,,,,,,,,,,,,,,,,,,,,,,,,,,,,,,
CT16119b070722,sample,CT,16119,7/7/2022,,,,,,,,,,,,,,,,,,,,,,,,,,,,,,,,,,,,,,,,,,,,,,,,,,,,,,,,,,,,,,,,,,,,,,,,,,,,,,,,,,,,,,,,,
CT14458b070822,sample,CT,14458,7/8/2022,,,,,,,,,,,,,,,,,,,,,,,,,,,,,,,,,,,,,,,,,,,,,,,,,,,,,,,,,,,,,,,,,,,,,,,,,,,,,,,,,,,,,,,,,
CT14317b070822,sample,CT,14317,7/8/2022,,,,,,,,,,,,,,,,,,,,,,,,,,,,,,,,,,,,,,,,,,,,,,,,,,,,,,,,,,,,,,,,,,,,,,,,,,,,,,,,,,,,,,,,,
CT14453b070822,sample,CT,14453,7/8/2022,,,,,,,,,,,,,,,,,,,,,,,,,,,,,,,,,,,,,,,,,,,,,,,,,,,,,,,,,,,,,,,,,,,,,,,,,,,,,,,,,,,,,,,,,
CT16122b071322,sample,CT,16122,7/13/2022,,,,,,,,,,,,,,,,,,,,,,,,,,,,,,,,,,,,,,,,,,,,,,,,,,,,,,,,,,,,,,,,,,,,,,,,,,,,,,,,,,,,,,,,,
CT19249b071322,sample,CT,19249,7/13/2022,,,,,,,,,,,,,,,,,,,,,,,,,,,,,,,,,,,,,,,,,,,,,,,,,,,,,,,,,,,,,,,,,,,,,,,,,,,,,,,,,,,,,,,,,
CT15014b071322,sample,CT,15014,7/13/2022,,,,,,,,,,,,,,,,,,,,,,,,,,,,,,,,,,,,,,,,,,,,,,,,,,,,,,,,,,,,,,,,,,,,,,,,,,,,,,,,,,,,,,,,,
CT16046b072022,sample,CT,16046,7/20/2022,,,,,,,,,,,,,,,,,,,,,,,,,,,,,,,,,,,,,,,,,,,,,,,,,,,,,,,,,,,,,,,,,,,,,,,,,,,,,,,,,,,,,,,,,
CT20637-Db072022,sample,CT,20637-D,7/20/2022,,,,,,,,,,,,,,,,,,,,,,,,,,,,,,,,,,,,,,,,,,,,,,,,,,,,,,,,,,,,,,,,,,,,,,,,,,,,,,,,,,,,,,,,,
CT20637b072022,sample,CT,20637,7/20/2022,,,,,,,,,,,,,,,,,,,,,,,,,,,,,,,,,,,,,,,,,,,,,,,,,,,,,,,,,,,,,,,,,,,,,,,,,,,,,,,,,,,,,,,,,
CT16128b072122,sample,CT,16128,7/21/2022,,,,,,,,,,,,,,,,,,,,,,,,,,,,,,,,,,,,,,,,,,,,,,,,,,,,,,,,,,,,,,,,,,,,,,,,,,,,,,,,,,,,,,,,,
CT20633b072122,sample,CT,20633,7/21/2022,,,,,,,,,,,,,,,,,,,,,,,,,,,,,,,,,,,,,,,,,,,,,,,,,,,,,,,,,,,,,,,,,,,,,,,,,,,,,,,,,,,,,,,,,
CT17852b072122,sample,CT,17852,7/21/2022,,,,,,,,,,,,,,,,,,,,,,,,,,,,,,,,,,,,,,,,,,,,,,,,,,,,,,,,,,,,,,,,,,,,,,,,,,,,,,,,,,,,,,,,,
CT16120b072522,sample,CT,16120,7/25/2022,,,,,,,,,,,,,,,,,,,,,,,,,,,,,,,,,,,,,,,,,,,,,,,,,,,,,,,,,,,,,,,,,,,,,,,,,,,,,,,,,,,,,,,,,
CT19957b072722,sample,CT,19957,7/27/2022,,,,,,,,,,,,,,,,,,,,,,,,,,,,,,,,,,,,,,,,,,,,,,,,,,,,,,,,,,,,,,,,,,,,,,,,,,,,,,,,,,,,,,,,,
CT20639b072722,sample,CT,20639,7/27/2022,,,,,,,,,,,,,,,,,,,,,,,,,,,,,,,,,,,,,,,,,,,,,,,,,,,,,,,,,,,,,,,,,,,,,,,,,,,,,,,,,,,,,,,,,
CT19940b072722,sample,CT,19940,7/27/2022,,,,,,,,,,,,,,,,,,,,,,,,,,,,,,,,,,,,,,,,,,,,,,,,,,,,,,,,,,,,,,,,,,,,,,,,,,,,,,,,,,,,,,,,,
CT20632b072822,sample,CT,20632,7/28/2022,,,,,,,,,,,,,,,,,,,,,,,,,,,,,,,,,,,,,,,,,,,,,,,,,,,,,,,,,,,,,,,,,,,,,,,,,,,,,,,,,,,,,,,,,
CT16124b072822,sample,CT,16124,7/28/2022,,,,,,,,,,,,,,,,,,,,,,,,,,,,,,,,,,,,,,,,,,,,,,,,,,,,,,,,,,,,,,,,,,,,,,,,,,,,,,,,,,,,,,,,,
CT16028b072822,sample,CT,16028,7/28/2022,,,,,,,,,,,,,,,,,,,,,,,,,,,,,,,,,,,,,,,,,,,,,,,,,,,,,,,,,,,,,,,,,,,,,,,,,,,,,,,,,,,,,,,,,
CT16103b072822,sample,CT,16103,7/28/2022,,,,,,,,,,,,,,,,,,,,,,,,,,,,,,,,,,,,,,,,,,,,,,,,,,,,,,,,,,,,,,,,,,,,,,,,,,,,,,,,,,,,,,,,,
CT16191b082422,sample,CT,16191,8/24/2022,,,,,,,,,,,,,,,,,,,,,,,,,,,,,,,,,,,,,,,,,,,,,,,,,,,,,,,,,,,,,,,,,,,,,,,,,,,,,,,,,,,,,,,,,
XB1121222,blank,CT,,,,,,,,,,,,,,,,,,,,,,,,,,,,,,,,,,,,,,,,,,,,,,,,,,,,,,,,,,,,,,,,,,,,,,,,,,,,,,,,,,,,,,,,,,,
XB2121222,blank,CT,,,,,,,,,,,,,,,,,,,,,,,,,,,,,,,,,,,,,,,,,,,,,,,,,,,,,,,,,,,,,,,,,,,,,,,,,,,,,,,,,,,,,,,,,,,
XB3121222,blank,CT,,,,,,,,,,,,,,,,,,,,,,,,,,,,,,,,,,,,,,,,,,,,,,,,,,,,,,,,,,,,,,,,,,,,,,,,,,,,,,,,,,,,,,,,,,,
XB1121322,blank,CT,,,,,,,,,,,,,,,,,,,,,,,,,,,,,,,,,,,,,,,,,,,,,,,,,,,,,,,,,,,,,,,,,,,,,,,,,,,,,,,,,,,,,,,,,,,
XB2121322,blank,CT,,,,,,,,,,,,,,,,,,,,,,,,,,,,,,,,,,,,,,,,,,,,,,,,,,,,,,,,,,,,,,,,,,,,,,,,,,,,,,,,,,,,,,,,,,,
MA9628b090622,sample,MA,Primestrs-9628,9/6/2022,16:22,,,,,,,,,,,,,,,,,,,,,,,,,,,,,,,,,,,,,,,,,,,,,,,,,,,,,,,,,,,,,,,,,,,,,,,,,,,,,,,,,,,,,,,,
MA208b090722,sample,MA,PrimeRef-208,9/7/2022,9:30,,,,,,,,,,,,,,,,,,,,,,,,,,,,,,,,,,,,,,,,,,,,,,,,,,,,,,,,,,,,,,,,,,,,,,,,,,,,,,,,,,,,,,,,
MA0208QCb090722,sample,MA,PrimeRef-0208QC,9/7/2022,11:10,,,,,,,,,,,,,,,,,,,,,,,,,,,,,,,,,,,,,,,,,,,,,,,,,,,,,,,,,,,,,,,,,,,,,,,,,,,,,,,,,,,,,,,,
MA5379b090722,sample,MA,PrimeRef-5379,9/7/2022,13:30,,,,,,,,,,,,,,,,,,,,,,,,,,,,,,,,,,,,,,,,,,,,,,,,,,,,,,,,,,,,,,,,,,,,,,,,,,,,,,,,,,,,,,,,
MA363b090822,sample,MA,PrimeRef-363,9/8/2022,8:00,,,,,,,,,,,,,,,,,,,,,,,,,,,,,,,,,,,,,,,,,,,,,,,,,,,,,,,,,,,,,,,,,,,,,,,,,,,,,,,,,,,,,,,,
MA4614b090822,sample,MA,PrimeRef-4614,9/8/2022,10:00,,,,,,,,,,,,,,,,,,,,,,,,,,,,,,,,,,,,,,,,,,,,,,,,,,,,,,,,,,,,,,,,,,,,,,,,,,,,,,,,,,,,,,,,
MA387b090822,sample,MA,Primestrs-387,9/8/2022,12:30,,,,,,,,,,,,,,,,,,,,,,,,,,,,,,,,,,,,,,,,,,,,,,,,,,,,,,,,,,,,,,,,,,,,,,,,,,,,,,,,,,,,,,,,
MA3479b090822,sample,MA,PrimeRef-3479,9/8/2022,14:50,,,,,,,,,,,,,,,,,,,,,,,,,,,,,,,,,,,,,,,,,,,,,,,,,,,,,,,,,,,,,,,,,,,,,,,,,,,,,,,,,,,,,,,,
MA6009b090922,sample,MA,Primestrs-6009,9/9/2022,8:50,,,,,,,,,,,,,,,,,,,,,,,,,,,,,,,,,,,,,,,,,,,,,,,,,,,,,,,,,,,,,,,,,,,,,,,,,,,,,,,,,,,,,,,,
MA4990b090922,sample,MA,Primestrs-4990,9/9/2022,10:00,,,,,,,,,,,,,,,,,,,,,,,,,,,,,,,,,,,,,,,,,,,,,,,,,,,,,,,,,,,,,,,,,,,,,,,,,,,,,,,,,,,,,,,,
MA4990QCb090922,sample,MA,Primestrs-4990QC,9/9/2022,11:45,,,,,,,,,,,,,,,,,,,,,,,,,,,,,,,,,,,,,,,,,,,,,,,,,,,,,,,,,,,,,,,,,,,,,,,,,,,,,,,,,,,,,,,,
MA1351b090922,sample,MA,PrimeRef-1351,9/9/2022,15:45,,,,,,,,,,,,,,,,,,,,,,,,,,,,,,,,,,,,,,,,,,,,,,,,,,,,,,,,,,,,,,,,,,,,,,,,,,,,,,,,,,,,,,,,
MA4427b091022,sample,MA,PrimeRef-4427,9/10/2022,8:50,,,,,,,,,,,,,,,,,,,,,,,,,,,,,,,,,,,,,,,,,,,,,,,,,,,,,,,,,,,,,,,,,,,,,,,,,,,,,,,,,,,,,,,,
MA6327b091022,sample,MA,Primestrs-6327,9/10/2022,11:10,,,,,,,,,,,,,,,,,,,,,,,,,,,,,,,,,,,,,,,,,,,,,,,,,,,,,,,,,,,,,,,,,,,,,,,,,,,,,,,,,,,,,,,,
MA5837b091022,sample,MA,Primestrs-5837,9/10/2022,13:30,,,,,,,,,,,,,,,,,,,,,,,,,,,,,,,,,,,,,,,,,,,,,,,,,,,,,,,,,,,,,,,,,,,,,,,,,,,,,,,,,,,,,,,,
MA5537b091022,sample,MA,PrimeRef-5537,9/10/2022,15:45,,,,,,,,,,,,,,,,,,,,,,,,,,,,,,,,,,,,,,,,,,,,,,,,,,,,,,,,,,,,,,,,,,,,,,,,,,,,,,,,,,,,,,,,
MA7407b091122,sample,MA,Primestrs-7407,9/11/2022,8:50,,,,,,,,,,,,,,,,,,,,,,,,,,,,,,,,,,,,,,,,,,,,,,,,,,,,,,,,,,,,,,,,,,,,,,,,,,,,,,,,,,,,,,,,
MA3779b091122,sample,MA,Primestrs-3779,9/11/2022,10:30,,,,,,,,,,,,,,,,,,,,,,,,,,,,,,,,,,,,,,,,,,,,,,,,,,,,,,,,,,,,,,,,,,,,,,,,,,,,,,,,,,,,,,,,
MA6977b091122,sample,MA,Primestrs-6977,9/11/2022,14:30,,,,,,,,,,,,,,,,,,,,,,,,,,,,,,,,,,,,,,,,,,,,,,,,,,,,,,,,,,,,,,,,,,,,,,,,,,,,,,,,,,,,,,,,
MA5948b091122,sample,MA,OverRef-5948,9/11/2022,16:10,,,,,,,,,,,,,,,,,,,,,,,,,,,,,,,,,,,,,,,,,,,,,,,,,,,,,,,,,,,,,,,,,,,,,,,,,,,,,,,,,,,,,,,,
MA6365b091222,sample,MA,Overstrs-6365,9/12/2022,10:30,,,,,,,,,,,,,,,,,,,,,,,,,,,,,,,,,,,,,,,,,,,,,,,,,,,,,,,,,,,,,,,,,,,,,,,,,,,,,,,,,,,,,,,,
MA2275b091222,sample,MA,OverRef-2275,9/12/2022,12:45,,,,,,,,,,,,,,,,,,,,,,,,,,,,,,,,,,,,,,,,,,,,,,,,,,,,,,,,,,,,,,,,,,,,,,,,,,,,,,,,,,,,,,,,
XB1121422,blank,MA,,,,,,,,,,,,,,,,,,,,,,,,,,,,,,,,,,,,,,,,,,,,,,,,,,,,,,,,,,,,,,,,,,,,,,,,,,,,,,,,,,,,,,,,,,,
XB2121422,blank,MA,,,,,,,,,,,,,,,,,,,,,,,,,,,,,,,,,,,,,,,,,,,,,,,,,,,,,,,,,,,,,,,,,,,,,,,,,,,,,,,,,,,,,,,,,,,
XB1121522,blank,MA,,,,,,,,,,,,,,,,,,,,,,,,,,,,,,,,,,,,,,,,,,,,,,,,,,,,,,,,,,,,,,,,,,,,,,,,,,,,,,,,,,,,,,,,,,,
Nehu1to100018SNX,,pos_control,,,,,,,,,,,,,,,,,,,,,,,,,,,,,,,,,,,,,,,,,,,,,,,,,,,,,,,,,,,,,,,,,,,,,,,,,,,,,,,,,,,,,,,,,,,
Nehu1to10018S,,pos_control,,,,,,,,,,,,,,,,,,,,,,,,,,,,,,,,,,,,,,,,,,,,,,,,,,,,,,,,,,,,,,,,,,,,,,,,,,,,,,,,,,,,,,,,,,,
NTC01092318S,,blank,,,,,,,,,,,,,,,,,,,,,,,,,,,,,,,,,,,,,,,,,,,,,,,,,,,,,,,,,,,,,,,,,,,,,,,,,,,,,,,,,,,,,,,,,,,
