#SampleID	Sample	State	Sample_Site	Collected_Date	WaterbodyName	Latitude	Longitude	COMID_Final	CatAreaSqKm	WsAreaSqKm	BFICat	ElevCat	Na2OCat	Al2O3Cat	CaOCat	Fe2O3Cat	SiO2Cat	MgOCat	SCat	P2O5Cat	K2OCat	NCat	HydrlCondCat	CompStrgthCat	ICI_v2_1	PctImp2019Cat	AgKffactCat	KffactCat	PctGlacTilCrsCat	SN_2008Cat	NO3_2008Cat	InorgNWetDep_2008Cat	NH4_2008Cat	PctUrban2019Cat	PctForest2019Cat	PctAg2019Cat	PctWetland2019Cat	PctHay2019Cat	PctCrop2019Cat	NsurpCat	NANICat	PrecipCat	TmaxCat	TmeanCat	TminCat	MSST_Avg	RockNCat	RunoffCat	ClayCat	SandCat	WtDepCat	OmCat	PermCat	RckDepCat	sw_fluxCat	WaterInputCat	wdrw_LDCat	WetIndexCat
#q2:types	categorical	categorical	categorical	categorical	categorical	numeric	numeric	numeric	numeric	numeric	numeric	numeric	numeric	numeric	numeric	numeric	numeric	numeric	numeric	numeric	numeric	numeric	numeric	numeric	numeric	numeric	numeric	numeric	numeric	numeric	numeric	numeric	numeric	numeric	numeric	numeric	numeric	numeric	numeric	numeric	numeric	numeric	numeric	numeric	numeric	numeric	numeric	numeric	numeric	numeric	numeric	numeric	numeric	numeric	numeric	numeric	numeric	numeric
ME659b071822	sample	ME	659	7/18/22	BULL BRANCH SUNDAY RIVER - STATION 659	44.5022	-70.9134	6710127	0.8739	44.6022	46.2564	342.8088	1.3484	11.4325	5.9244	5.2321	64.8372	2.1202	0.0214	0.147	2.0769	0.0091	0.176	152.662	0.829367283	0.55	0	0.2027	100	602.5807	11.2947	4.2259	2.1655	0.61	90.42	0	0.51	0	0	623.0839146	471.8850422	1267.91677	11.43299966	5.430611336	-15.47765182	15.33614061	27.267	719	4.4967	61.9653	103.2148	1.9701	26.7119	142.6565	348893	0	0	751.0484
ME1116b071422	sample	ME	1116	7/14/22	RICHARDSON BROOK - STATION 1116	44.92614	-67.4929	2676240	2.2905	12.9141	58	48.1937	3.3832	15.0841	5.3811	6.7842	59.888	3.8419	0.0336	0.2162	2.5057	0.0175	0.136	159.0296	0.768828912	0.19	0.0037	0.1894	100	477.0535	8.2735	3.1709	1.6849	0.39	84.35	0	12.38	0	0	1541.058483	1219.594717	1237.844136	11.84812687	6.151465915	-13.87257352	16.40938571	13.8772	760	6.4099	51.4308	100.2032	7.8121	17.4285	132.8846	628931	0.000114939	11.5937	807.9108
ME944b071322	sample	ME	944	7/13/22	STONE BROOK - STATION 944	44.34611	-69.7981	3324664	9.3924	9.3924	53	88.3717	1.4907	13.2191	4.8866	6.1368	59.0894	2.375	0.1244	0.2326	2.5566	0.0498	0.1448	103.6467	0.573611423	15.77	0.0294	0.2808	0	429.4611	8.0787	2.9819	1.4941	26.37	49.71	6.67	9.3	6.67	0	30666.45883	30210.19399	1098.384814	12.68260464	7.097843761	-12.72872751	17.16259625	89.0469	676	24.0199	20.1816	74.7913	2.8053	5.0402	132.5066	253377	5.12796E-05	4.664	780.4231
ME620b071122	sample	ME	620	7/11/22	KENNEDY BROOK - STATION 620	44.30259	-69.781	-999999																																																		
ME619b071322	sample	ME	619	7/13/22	STONE BROOK - STATION 619	44.33943	-69.8074	3324664	9.3924	9.3924	53	88.3717	1.4907	13.2191	4.8866	6.1368	59.0894	2.375	0.1244	0.2326	2.5566	0.0498	0.1448	103.6467	0.573611423	15.77	0.0294	0.2808	0	429.4611	8.0787	2.9819	1.4941	26.37	49.71	6.67	9.3	6.67	0	30666.45883	30210.19399	1098.384814	12.68260464	7.097843761	-12.72872751	17.16259625	89.0469	676	24.0199	20.1816	74.7913	2.8053	5.0402	132.5066	253377	5.12796E-05	4.664	780.4231
ME550b071222	sample	ME	550	7/12/22	WEST BRANCH SHEEPSCOT RIVER - STATION 550	44.24347	-69.5754	5203672	5.6232	131.5368	52.485	60.6176	3.3655	15.0393	5.3655	7.0699	60.5657	3.2791	0.0242	0.2233	2.3977	0.0204	0.1435	151.9743	0.734476905	2.25	0.0153	0.2474	1.14	450.1356	8.4315	3.1084	1.5542	4.71	67.07	6.95	13.09	6.95	0	7465.88372	6764.133369	1172.191478	12.72551178	7.192959202	-12.44839945	20.06773296	88.8057	629	16.9925	24.2821	104.3521	3.1843	5.0169	112.3536	594366	2.36762E-05	3.1055	855.5474
ME601b071122	sample	ME	601	7/11/22	WHITNEY BROOK - STATION 601	44.32753	-69.766	3324712	4.5189	4.5189	53.3356	58.5837	1.1674	7.6432	17.0694	3.6879	41.2869	4.6605	0.051	0.1285	1.9149	0.0172	0.2229	109.064	0.528902236	25.4	0.0194	0.31	0	429.3347	8.0888	2.9765	1.4839	46.44	28.24	5.82	5.08	5.82	0	26508.60195	28739.68894	1105.882133	12.84280969	7.200704	-12.2556066	17.66543224	84.4684	676	30.7005	13.8394	52.8284	3.4523	4.5775	145.6284	253377	1.68319E-05	3.2036	812.8132
ME393b071122	sample	ME	393	7/11/22	SHEEPSCOT RIVER - STATION 393	44.22321	-69.5934	5203696	27.5706	370.044	52.1386	63.4789	1.3756	13.4111	1.1749	5.8901	64.9563	1.9911	0.0865	0.1379	2.8452	0.0483	0.117	143.1018	0.709782487	1.19	0.0186	0.2311	50.01	457.0458	8.5658	3.1523	1.5716	2.42	57.14	7.8	17.37	6.74	1.06	28801.46144	25132.44178	1186.990266	12.65007375	7.233794461	-12.51724225	20.83235118	91.7008	629	10.1423	32.4201	122.8131	1.8776	5.812	102.8904	594366	0.000150691	3.3851	934.2839
ME756b072022	sample	ME	756	7/20/22	MARTIN STREAM (DIXMONT) - STATION 756	44.72384	-69.1742	3320830	18.477	59.2911	45.9506	116.1534	0.2585	3.1741	24.8793	2.0985	29.5211	6.0764	0.0349	0.091	0.9797	0.0144	0.3242	98.6006	0.618219579	1.12	0.0217	0.2162	99.61	419.5732	7.6329	2.8887	1.5056	2.34	60.07	9.97	21.15	9.67	0.3	17323.94942	15075.02886	1124.971201	12.25282651	6.561398213	-13.12953239	17.29458462	91.5437	676	9.9146	21.2427	74.7429	10.3743	4.4364	118.6615	253377	0.000545195	54.1038	871.8168
ME697b072022	sample	ME	697	7/20/22	HALFMOON STREAM - STATION 697	44.57507	-69.2759	3321214	4.3317	83.7027	49	103.4729	0.2585	3.1741	24.8793	2.0985	29.5211	6.0764	0.0349	0.091	0.9797	0.0144	0.3242	98.6006	0.492835744	3.56	0.0426	0.2111	100	430.4105	7.8596	2.9604	1.5317	7.35	56.91	22.23	4.67	18.76	3.47	4059.098901	3444.342351	1150.039584	12.47009357	6.835108308	-13.02649069	20.03684881	88.6466	676	6.2596	47.6177	88.9749	6.5379	12.6505	147.2814	253377	5.65928E-05	2.1019	793.8976
ME253b072022	sample	ME	253	7/20/22	COBBOSSEECONTEE STREAM - STATION 253	44.2304	-69.7726	3324780	0.675	561.4632	51.5173	33.0427	3.4454	15.2433	5.4719	7.111	60.2003	3.3156	0.0247	0.2258	2.4528	0.0209	0.1453	149.4899	0.452851097	46.55	0.0025	0.31	0	447.0582	8.4797	3.0954	1.5227	77.6	3.07	0.53	0	0.53	0	4796.173715	5198.223607	1157.995845	12.93897708	7.164330816	-13.22426665	20.81654349	79.8486	676	32.98	11.3	45.33	3.67	4.42	150.11	253377	3.57208E-07	0.4766	781.3813
ME74b071222	sample	ME	74	7/12/22	SHEEPSCOT RIVER - STATION 74	44.22321	-69.5934	5203696	27.5706	370.044	52.1386	63.4789	1.3756	13.4111	1.1749	5.8901	64.9563	1.9911	0.0865	0.1379	2.8452	0.0483	0.117	143.1018	0.709782487	1.19	0.0186	0.2311	50.01	457.0458	8.5658	3.1523	1.5716	2.42	57.14	7.8	17.37	6.74	1.06	28801.46144	25132.44178	1186.990266	12.65007375	7.233794461	-12.51724225	20.83235118	91.7008	629	10.1423	32.4201	122.8131	1.8776	5.812	102.8904	594366	0.000150691	3.3851	934.2839
ME604b071922	sample	ME	604	7/19/22	CHINA LAKE OUTLET STREAM - STATION 604	44.52613	-69.6145	3321334	1.7343	129.8655	50	41.2691	1.2563	12.7064	5.5348	6.0549	58.0738	2.3901	0.1354	0.2447	2.3363	0.0543	0.1687	99.7175	0.552355549	14.23	0.0524	0.31	0	423.899	7.898	2.9502	1.5065	26.21	34.78	15.26	14.79	15.26	0	6416.634351	6331.459332	1078.830729	12.97454055	6.971477813	-14.15101214	20.02981392	88.0655	676	31.2509	13.1957	51.0152	3.5053	4.5397	146.713	253377	2.08325E-05	10.0786	851.4722
ME18b072122	sample	ME	18	7/21/22	SANDY RIVER - STATION 18	44.82029	-70.33	3323290	45.0909	375.5997	49.2818	271.2443	2.2228	13.6457	4.2678	4.5025	63.8878	1.8755	0.0234	0.1575	3.0966	0.0241	0.0726	119.6851	0.746513245	1.9	0.0101	0.2189	40.31	464.9876	8.8092	3.3059	1.6998	3.65	75.57	3.76	8.99	3.76	0	29782.41709	24249.17041	1205.298819	11.25225444	5.359863584	-15.78376079	18.89864364	122.5609	676	6.0464	43.6642	83.6745	1.4558	7.7945	143.2218	253377	5.46168E-05	74.8548	783.5145
ME674b071822	sample	ME	674	7/18/22	WILD RIVER - STATION 674	44.37026	-70.9933	6711807	12.8997	180.1566	45.2153	397.7198	1.228	11.7752	2.4867	4.4905	64.6514	1.971	0.4165	0.1618	3.2257	0.1022	0.1756	91.7122	0.830124169	0.2	0	0.24	96.41	554.9079	10.4208	3.8615	1.9505	0.36	94.16	0.37	1.18	0.37	0	7654.741062	5567.824412	1217.022537	11.51373447	5.488943999	-14.9866043	17.87882983	23.0775	719	5.8943	44.8338	122.7361	0.3204	6.743	131.8432	348893	0	0	674.921
ME837b072022	sample	ME	837	7/20/22	VAUGHAN BROOK - STATION 837	44.27647	-69.7971	3324732	4.3614	14.2578	54.0196	71.4668	1.0786	10.3978	9.7131	4.865	52.2002	3.4297	0.0952	0.1795	2.1595	0.0419	0.1915	103.1418	0.526069402	4.84	0.0544	0.2838	0	432.9394	8.1877	3.0006	1.4859	9.43	49.3	19.34	16.05	19.34	0	14932.94309	14984.76744	1126.957992	12.81809175	7.253741758	-12.75183636	17.59122458	92.8426	676	27.2829	18.0061	57.5834	3.0861	4.5644	142.3702	253377	5.34052E-05	10.7324	801.884
MECBSb072122	sample	ME	1210	7/21/22	CURRIER BROOK - STATION 1210	44.76238	-69.7162	3321592	2.1735	12.9051	50	81.3933	0.896	9.6321	5.8339	4.4506	65.4502	2.0203	0.3661	0.1687	1.3178	0.0673	0.2169	131.8298	0.48216348	20.2	0.01	0.2589	29.28	410.4757	7.7011	2.894	1.4915	36.31	43.97	3.35	5.26	3.35	0	4720.005393	5246.085618	1090.023029	12.5591049	6.509454404	-15.52260877	16.43939243	85.0854	676	13.9573	29.2881	78.1588	6.5252	7.996	136.8547	253377	2.29678E-06	26.8514	846.3437
ME755b072022	sample	ME	755	7/20/22	MARTIN STREAM (DIXMONT) - STATION 755	44.7235	-69.1743	3320830	18.477	59.2911	45.9506	116.1534	0.2585	3.1741	24.8793	2.0985	29.5211	6.0764	0.0349	0.091	0.9797	0.0144	0.3242	98.6006	0.618219579	1.12	0.0217	0.2162	99.61	419.5732	7.6329	2.8887	1.5056	2.34	60.07	9.97	21.15	9.67	0.3	17323.94942	15075.02886	1124.971201	12.25282651	6.561398213	-13.12953239	17.29458462	91.5437	676	9.9146	21.2427	74.7429	10.3743	4.4364	118.6615	253377	0.000545195	54.1038	871.8168
ME1149b071422	sample	ME	1149	7/14/22	BEAVERDAM STREAM - STATION 1149	44.98179	-67.6401	2676110	6.0426	26.964	57	97.4604	1.073	11.3756	2.2983	4.4302	63.3285	2.8771	0.0528	0.1635	2.1861	0.0588	0.1325	72.2273	0.653552689	1.05	0.0174	0.2198	100	462.7423	8.0605	3.0897	1.6419	1.79	78.33	9.32	4.17	0.1	9.22	5421.766385	4614.708491	1243.038226	11.65170361	5.958865895	-15.42578194	16.50332493	90.5344	760	7.9592	36.2117	83.2123	2.872	4.3453	120.1234	628931	0.001208417	46.3979	794.5813
ME268b071922	sample	ME	268	7/19/22	WEST BRANCH SHEEPSCOT RIVER - STATION 268	44.36807	-69.531	5203602	15.0291	38.1672	51.0159	102.7082	0.4244	6.1436	17.1521	2.9559	39.2279	4.9408	0.045	0.118	1.4585	0.0398	0.2166	78.5132	0.759546367	2.01	0.0146	0.2287	58.29	443.4367	8.2259	3.0615	1.5545	4.2	64.69	5.58	19.43	5.41	0.17	21686.73294	20033.22508	1164.186901	12.54971515	6.867567157	-13.41001259	18.55800008	92.7084	629.8697	8.6028	34.4593	126.962	1.5875	5.9907	100.7637	593978.0252	6.08762E-05	3.6675	868.0906
ME977b071922	sample	ME	977	7/19/22	PERKINS STREAM - STATION 977	44.55769	-69.6557	3321260	1.5345	4.3668	50.9789	66.6629	1.1222	12.4211	3.975	5.5915	59.1549	2.717	0.1351	0.2109	2.3839	0.0608	0.1251	85.831	0.629376097	9.15	0.0273	0.2839	64.34	422.4871	7.888	2.9476	1.5061	15.96	60.94	10.15	4.99	10.15	0	6747.426096	7471.353462	1070.308397	12.80442475	6.889639321	-14.22170067	17.07924408	80.2936	676	32.98	11.6109	45.33	3.67	4.42	150.11	253377	1.17874E-05	6.3943	786.1173
ME1038b071922	sample	ME	1038	7/19/22	FISH BROOK - STATION 1038	44.59884	-69.6561	3321100	2.214	19.8153	50.2756	62.7559	0.934	9.0116	11.2459	4.2135	48.3069	3.5029	0.1815	0.1815	1.6151	0.0382	0.1925	90.3308	0.393180609	6.18	0.0778	0.2814	9.31	420.5168	7.8536	2.9395	1.5057	12.85	45.05	25.53	8.86	25.53	0	2185.52123	1955.889609	1075.0641	12.8124882	6.80675797	-14.53333351	17.77812806	86.767	676	20.9939	15.9949	62.9918	6.3524	4.3893	132.6324	253377	2.2964E-05	259.9407	817.9492
ME768b072722	sample	ME	768	7/27/22	CARRYING PLACE STREAM - STATION 768	45.18144	-70.0165	3319586	5.5611	31.2372	45	307.9125	3.3133	13.9374	2.2753	2.2892	70.2635	0.6667	0.0321	0.1042	4.2094	0.0063	0.0155	178.0744	0.848283076	0.33	0	0.2199	100	376.8708	7.1924	2.6976	1.3858	0.55	91.97	0	0.03	0	0	2602.868423	1917.577565	1137.645683	10.30229377	4.557799647	-16.65494418	16.7675097	17.9634	676	7.7823	37.912	84.6305	3.3449	5.4597	121.2858	253377	0	0	748.764
ME1211b072522	sample	ME	1211	7/25/22	FILLIBROWN STREAM - STATION 1211	44.65127	-69.9754	3320954	1.6389	22.554	50	106.2988	0.8822	6.9897	17.4057	3.5861	39.0802	3.581	0.1584	0.1501	1.0398	0.0201	0.2317	97.1636	0.584717299	2.61	0.0365	0.2766	68.59	481.1726	9.0546	3.3847	1.7303	6.26	72.37	12.41	4.06	12.41	0	1497.03672	1295.910857	1189.952452	12.55260137	6.493687667	-15.23931902	17.65978599	98.1129	676	23.5416	22.4827	31.3152	7.0493	2.4812	151.997	253377	6.60592E-06	245.9224	808.804
ME869b072622	sample	ME	869	7/26/22	BURNHAM BROOK - STATION 869	45.54343	-69.755	1022354	2.8368	22.1913	47	337.5975	0.877	12.0671	4.3337	4.0922	58.6773	1.9318	0.1491	0.1397	5.0212	0.0529	0.0356	88.2357	0.861035034	0.25	0	0.2348	100	310.6734	6.0895	2.3354	1.2415	0.48	84.14	0	13.55	0	0	1094.237957	717.6785453	1057.346975	9.865151942	4.090292797	-18.16227776	14.96668711	18.5933	624	14.1352	22.8799	52.1295	11.4479	5.1481	134.0006	169077	0	0	940.2151
ME1212b072522	sample	ME	1212	7/25/22	KATAHADIN BROOK - STATION 1212	45.94414	-68.731	1713306	3.816	210.7701	55	227.5032	3.5399	14.2845	1.3949	1.9961	72.2856	0.4534	0.03	0.1002	4.4876	0.0035	0.0002	188.6298	0.859806811	0	0	0.1932	100	405.5461	7.5931	2.9326	1.572	0	87.01	0	10.31	0	0	1931.772824	1355.559952	1139.859262	10.64148153	4.82170111	-17.07792464	18.7273591	135.2572	760	7.6228	42.0578	84.8358	6.6657	12.4473	141.8166	139638	0	0	804.8519
ME841b072622	sample	ME	841	7/26/22	NORTH BROOK - STATION 841	45.60732	-69.5003	1022308	9.1953	9.1953	49	401.377	0.7716	9.0596	4.3232	3.4652	65.0229	1.6514	0.0553	0.1362	1.8842	0.0397	0.2045	94.3922	0.881926516	0.47	0	0.2595	100	323.7235	6.2905	2.413	1.2829	0.96	84.24	0	5.1	0	0	4820.88917	3526.689744	1111.147962	9.187907776	3.847870186	-18.12312796	14.70258968	20.0225	624	13.1383	24.7208	81.9281	6.0693	5.4373	123.8572	169077	0	0	876.4995
ME1212Kb072822	sample	ME	1212	7/28/22	KATAHADIN BROOK - STATION 1212	45.94414	-68.731	1713306	3.816	210.7701	55	227.5032	3.5399	14.2845	1.3949	1.9961	72.2856	0.4534	0.03	0.1002	4.4876	0.0035	0.0002	188.6298	0.859806811	0	0	0.1932	100	405.5461	7.5931	2.9326	1.572	0	87.01	0	10.31	0	0	1931.772824	1355.559952	1139.859262	10.64148153	4.82170111	-17.07792464	18.7273591	135.2572	760	7.6228	42.0578	84.8358	6.6657	12.4473	141.8166	139638	0	0	804.8519
ME636b072722	sample	ME	636	7/27/22	KENNEBEC RIVER - STATION 636	45.03364	-69.8643	3319228	0.3537	7101.5778	45	106.8634	1.08	10.2589	8.05	5.5247	64.2693	2.3	0.015	0.155	1.035	0	0.2071	169.923	0.691877646	2.77	0.0168	0.2	0	386.2684	7.3438	2.7623	1.4253	6.61	26.71	15.78	23.92	3.31	12.47	-36.95787728	-77.06765589	1115.586548	11.96030057	5.676240181	-15.69287513	20.65302823	16.4002	676	5.486	53.0233	145.6844	1.2892	21.3273	145.8857	253377	2.58701E-06	190.2114	984.6896
ME486b072722	sample	ME	486	7/27/22	EAST BRANCH WESSERUNSETT STREAM - STATION 486	44.9475	-69.6557	3320218	16.8003	50.9445	45	204.8528	0.7176	6.8347	13.4525	3.0507	44.8243	4.4631	0.2658	0.1773	1.2803	0.0315	0.2279	85.1658	0.763709703	0.94	0.0109	0.21	100	397.8049	7.5116	2.8421	1.4799	1.9	78.57	4.82	8.04	4.82	0	9202.521685	7229.163851	1126.713954	11.46202205	5.513198327	-16.36788422	17.53960913	14.6933	676	9.0225	26.0665	113.1032	9.7106	5.0637	125.7263	253377	2.95957E-05	46.2695	791.5088
ME1148b072822	sample	ME	1148	7/28/22	WASSATAQUOIK STREAM - STATION 1148	45.94414	-68.731	1713306	3.816	210.7701	55	227.5032	3.5399	14.2845	1.3949	1.9961	72.2856	0.4534	0.03	0.1002	4.4876	0.0035	0.0002	188.6298	0.859806811	0	0	0.1932	100	405.5461	7.5931	2.9326	1.572	0	87.01	0	10.31	0	0	1931.772824	1355.559952	1139.859262	10.64148153	4.82170111	-17.07792464	18.7273591	135.2572	760	7.6228	42.0578	84.8358	6.6657	12.4473	141.8166	139638	0	0	804.8519
CT19163b052422	sample	CT	19163	5/24/22	Morgan Brook	41.902851	-72.995379	6109147	3.8718	23.1723	49.513	237.211	2.3268	14.5021	1.8187	5.5892	64.8302	1.9931	0.035	0.1302	2.7887	0.0236	0.1392	110.5769	0.661352979	3.62	0.0091	0.2395	100	721.2442	13.3418	5.0212	2.5945	7.3	73.78	1.14	6.44	1.14	0	4916.862822	4288.251252	1312.418193	14.66039448	8.759441157	-10.40950727	19.15794699	139.2251	697	6.06	47.8514	126.41	2.76	10.76	133.35	690776	6.31317E-06	29.1969	757.0493
CT14842b052422	sample	CT	14842	5/24/22	Indian Meadow Brook	41.9305	-73.079	6111193	0.4734	11.4372	47.4335	277.1957	2.7489	14.4736	2.3032	4.915	66.607	1.6565	0.0234	0.1269	2.806	0.0143	0.0889	130.0365	0.720979089	3.35	0.0091	0.24	100	726.1336	13.4561	5.0741	2.6294	5.89	84.22	3.8	0.76	3.8	0	687.6477736	633.9426239	1314.316601	14.16337449	8.319010751	-10.61254784	17.9879659	130.3295	697	5.7934	50.0694	128.6315	2.6945	12.7637	135.0838	690776	7.78278E-07	29.4806	707.5057
CT15680-Db052622	sample	CT	15680	5/26/22	Beaver Brook	41.9513	-72.9958	6109441	14.2308	14.2308	50.7146	277.531	2.3173	14.4636	2.336	5.8459	63.9644	2.1681	0.0353	0.1333	2.6378	0.0251	0.1565	111.8501	0.812513692	0.68	0.0041	0.2335	100	699.5687	12.96	4.8805	2.5242	1.1	85	1.13	5.38	1.13	0	17540.32541	15196.41325	1279.729296	14.24704668	8.359338112	-10.66776491	18.96110491	136.5208	697	6.0872	48.2437	135.2843	2.8423	11.3397	126.2769	690776	0.000114844	35.3022	756.3672
CT15680b052622	sample	CT	15680	5/26/22	Beaver Brook	41.9513	-72.9958	6109441	14.2308	14.2308	50.7146	277.531	2.3173	14.4636	2.336	5.8459	63.9644	2.1681	0.0353	0.1333	2.6378	0.0251	0.1565	111.8501	0.812513692	0.68	0.0041	0.2335	100	699.5687	12.96	4.8805	2.5242	1.1	85	1.13	5.38	1.13	0	17540.32541	15196.41325	1279.729296	14.24704668	8.359338112	-10.66776491	18.96110491	136.5208	697	6.0872	48.2437	135.2843	2.8423	11.3397	126.2769	690776	0.000114844	35.3022	756.3672
CT20123b051322	sample	CT	20123	6/13/22	Labonte Brook	41.90359	-72.3077	-999999																																																		
CT14866b061322	sample	CT	14866	6/13/22	Stickney Hill Brook	41.9833	-72.2179	6162341	2.4579	5.8689	51.751	309.9829	2.2354	14.2955	4.202	6.5491	61.5633	2.7032	0.0335	0.143	2.2481	0.0242	0.1844	116.5693	0.87715769	0.4	0	0.2301	100	650.1947	12.1341	4.5634	2.3545	0.81	87.7	0.15	7.21	0.15	0	2799.100715	2303.822375	1257.304822	13.56569791	8.727388986	-9.456938686	17.65190878	25.0431	675	5.3207	48.1288	129.7122	4.2653	10.2376	128.4608	393534	0	0	730.7704
CT16416b061322	sample	CT	16416	6/13/22	Delphi Brook	42.0211	-72.2517	6159829	0.6768	9.0576	53.3258	255.3525	2.2007	14.2548	4.4562	6.5686	61.4798	2.7446	0.0319	0.1423	2.2363	0.0225	0.1509	117.6333	0.853739972	0.45	0	0.2365	100	660.1224	12.2952	4.6296	2.3935	0.53	88.3	0	2.53	0	0	949.0757761	859.4525866	1250.234177	13.9299183	8.457947257	-10.05212786	17.21352781	14.7637	675	5.5404	47.9806	128.7309	3.7712	10.3928	129.9136	393534	0	0	767.2673
CT17339b061322	sample	CT	17339	6/13/22	Aggard Brook	42.0235	-72.2507	6160353	1.629	1.629	53.8768	288.6919	2.0169	14.7152	4.1811	7.3576	61.2084	3.1843	0.054	0.1524	2.2069	0.0289	0.1677	107.6365	0.90501017	0.01	0	0.2059	100	663.9068	12.3639	4.6565	2.4084	0	98.02	0	1.22	0	0	2186.972954	1961.432127	1259.214983	13.74102901	8.477530863	-9.975193276	16.88339681	14.8991	655.4243	5.7005	48.5677	131.5459	1.365	10.9847	129.9089	393712.6083	0	0	731.5807
CT19040b061522	sample	CT	19040	6/15/22	Bissell Brook	41.899044	-72.791134	6109537	12.0996	1297.611	50.7244	78.0428	0.6573	8.9638	1.4603	2.2208	72.0592	1.0264	0.0502	0.1154	2.5862	0.0568	0.1005	110.7047	0.493709182	10.11	0.0325	0.2312	44.88	703.8771	12.9761	4.8841	2.5241	20.06	34.54	10.12	17.7	3.22	6.9	42505.59708	45941.46001	1199.087366	15.62245321	9.953063358	-8.869250104	22.62675044	113.7305	696.4136	5.506	51.1875	140.7219	2.1762	18.269	128.6562	690776	0.001645137	460.3004	849.033
CT16933b061522	sample	CT	16933	6/15/22	Owens Brook	41.8878	-72.8039	6109537	12.0996	1297.611	50.7244	78.0428	0.6573	8.9638	1.4603	2.2208	72.0592	1.0264	0.0502	0.1154	2.5862	0.0568	0.1005	110.7047	0.493709182	10.11	0.0325	0.2312	44.88	703.8771	12.9761	4.8841	2.5241	20.06	34.54	10.12	17.7	3.22	6.9	42505.59708	45941.46001	1199.087366	15.62245321	9.953063358	-8.869250104	22.62675044	113.7305	696.4136	5.506	51.1875	140.7219	2.1762	18.269	128.6562	690776	0.001645137	460.3004	849.033
CT16758-Db061622	sample	CT	16758	6/16/22	Howell's Brook	42.0078	-73.0042	166174740	2.1996	12.762	47.707	339.5219	2.807	14.2935	3.7393	5.4444	64.9418	2.1073	0.0193	0.1291	2.4746	0.0077	0.0655	143.9365	0.869482912	0.23	0	0.2398	100	692.5374	12.8571	4.844	2.5071	0.29	90.96	0.2	4.3	0.2	0	2492.668019	2084.272674	1276.464582	13.74887911	7.930540096	-11.28154677	18.21172164	130.3316	697	6.06	47.7032	126.41	2.76	10.76	133.35	690776	0	0	743.4771
CT16758b062022	sample	CT	16758	6/16/22	Howell's Brook	42.0078	-73.0042	166174740	2.1996	12.762	47.707	339.5219	2.807	14.2935	3.7393	5.4444	64.9418	2.1073	0.0193	0.1291	2.4746	0.0077	0.0655	143.9365	0.869482912	0.23	0	0.2398	100	692.5374	12.8571	4.844	2.5071	0.29	90.96	0.2	4.3	0.2	0	2492.668019	2084.272674	1276.464582	13.74887911	7.930540096	-11.28154677	18.21172164	130.3316	697	6.06	47.7032	126.41	2.76	10.76	133.35	690776	0	0	743.4771
CT20059b062022	sample	CT	20059	6/20/22	Race Brook	41.30342	-73.01678	6181248	2.0259	10.6146	47.9898	57.937	1.0578	14.5516	1.1333	6.634	59.7305	2.5709	0.0459	0.1343	4.2053	0.0485	0.123	79.1075	0.593638134	11.12	0.0012	0.228	100	678.5084	11.9686	4.5121	2.3378	22.44	41.19	0.27	1.64	0.27	0	7840.12767	8051.5477	1257.35697	16.11190544	10.93688187	-6.001776986	20.58939546	114.3905	723	6.0065	49.272	120.3919	2.9271	11.1944	136.522	1232898	0	0	800.3243
CT20229b062022	sample	CT	20229	6/20/22	Race Brook	41.29157	-73.02746	6181250	0.5625	11.6208	48	37.8144	1.0897	14.578	1.293	6.7129	59.5349	2.6449	0.0459	0.1365	4.1384	0.0477	0.1332	81.582	0.644391541	19.4	0	0.22	100	679.4863	11.9716	4.5129	2.338	43.04	18.4	0	2.56	0	0	2698.913019	2753.686442	1254.250929	16.19844791	11.07769193	-5.910880085	20.62485992	117.3292	723	4.9933	54.9458	135.2988	2.4782	18.7773	140.2876	1232898	0	0	824.6016
CT14413b062022	sample	CT	14413	6/20/22	Quinnipiac River	41.528244	-72.856272	166182049	2.7207	200.0916	49.1849	74.775	0.5785	8.7293	1.0178	1.8796	73.3244	0.7677	0.0401	0.1073	2.6868	0.0589	0.0797	108.0417	0.643460358	21.13	0	0.28	97.25	709.0588	12.7062	4.7502	2.4302	43.99	29.17	0.33	1.98	0.33	0	17477.74893	19581.41607	1284.224916	15.84529926	10.19465452	-7.159708747	21.88524636	110.6657	723	7.843	40.0499	105.1708	0.7099	11.0207	142.0971	1232898	6.73369E-07	1.4468	764.4727
CT20634b062322	sample	CT	20634	6/23/22	Spoon Shop Brook	41.53222	-72.75893	6174458	5.7969	8.4951	49.6156	106.2029	1.0262	10.109	3.3226	3.7937	66.76	2.1571	0.0815	0.1488	2.1592	0.0471	0.198	124.8168	0.467007694	23.79	0.0019	0.2667	100	722.9907	12.9145	4.8252	2.4664	45.26	25.44	0.62	4.33	0.62	0	32246.67273	35376.93326	1314.547743	15.68069018	10.02382868	-7.080266964	18.54413596	102.7746	723	8.5249	34.7246	116.0944	1.1261	6.9724	119.0626	1231148.62	2.54352E-05	66.4563	788.0106
CT18795-Db062322	sample	CT	18795	6/23/22	Mattabesset River	41.62421	-72.78669	7700346	4.5054	23.5323	49.5713	80.8685	2.3654	14.3217	9.7807	9.3878	49.189	6.4758	0.094	0.2403	0.878	0.0153	0.5503	184.8785	0.581686967	11.59	0.0064	0.268	100	709.1947	12.8113	4.7979	2.4609	24.31	41.93	1.46	12.05	1.46	0	18173.07288	19334.46029	1261.476552	15.76107223	10.08814092	-7.912644922	19.74480698	120.2826	679	8.5581	34.9969	107.5906	0.8482	7.4613	130.0495	857306	7.78753E-05	61.561	787.5579
CT18795b062322	sample	CT	18795	6/23/22	Mattabesset River	41.62421	-72.78669	7700346	4.5054	23.5323	49.5713	80.8685	2.3654	14.3217	9.7807	9.3878	49.189	6.4758	0.094	0.2403	0.878	0.0153	0.5503	184.8785	0.581686967	11.59	0.0064	0.268	100	709.1947	12.8113	4.7979	2.4609	24.31	41.93	1.46	12.05	1.46	0	18173.07288	19334.46029	1261.476552	15.76107223	10.08814092	-7.912644922	19.74480698	120.2826	679	8.5581	34.9969	107.5906	0.8482	7.4613	130.0495	857306	7.78753E-05	61.561	787.5579
CT20525b062922	sample	CT	20525	6/29/22	Hart Brook	41.885113	-73.19528	7712070	6.4809	11.2599	48	412.3011	3.0454	14.5487	4.1848	5.8426	64.5759	2.4171	0.0151	0.128	2.3408	0.0087	0.0257	157.2711	0.75416987	0.19	0.012	0.2365	100	771.3217	14.3011	5.4107	2.8174	0.25	89.64	3.31	4.65	3.31	0	6705.600527	5220.714013	1323.381716	13.21385999	7.96502392	-11.06410227	18.05414347	129.489	667	6.1905	47.6434	115.9993	3.0451	9.8261	136.575	612411	1.45701E-05	40.592	746.9177
CT16038b063022	sample	CT	16038	6/30/22	Deep Brook	41.4029	-73.3079	7717128	1.0989	8.0874	48	142.9326	3.2417	14.4044	3.2772	4.6501	66.843	2.5425	0.012	0.1523	2.6447	0.0081	0.0221	156.6293	0.519790995	12.19	0.0452	0.23	100	724.9222	13.3145	5.0562	2.6477	27.11	27.27	13.43	11.22	10.24	3.19	3450.723512	3498.464818	1292.902372	15.62328899	9.933732926	-6.909090851	18.80571794	129.4112	667	6.61	46.33	83.13	3.99	6.82	146.68	612411	4.87685E-05	2123.2181	791.8059
CT20636b063022	sample	CT	20636	6/30/22	"Nonewaug River	 NNT to"	41.6344	-73.16997	7712878	3.0501	3.0501	45	257.6401	3.0694	14.1465	2.9792	4.0265	66.6833	1.5728	0.0388	0.1251	2.9276	0.02	0.1119	145.4414	0.434445199	2.03	0.1197	0.2318	100	729.8876	13.4125	5.0618	2.6263	4.22	43.53	45.91	0.56	32.63	13.28	938.7566031	553.7341742	1301.834662	14.6447767	9.009842536	-9.810652151	17.60867562	128.1564	667	6.3993	46.8404	99.7064	3.5331	8.329	141.5746	612411	6.91844E-05	402.8838	734.8436
CT15244b070522	sample	CT	15244	7/5/22	Cobble Brook	41.7217	-73.4572	7712596	9.3294	9.3294	51.064	283.1725	2.198	12.2706	10.1681	6.7247	51.2827	3.5633	0.0355	0.1262	1.5658	0.0141	0.051	146.2313	0.708189409	1.18	0.0242	0.2321	100	724.4394	13.5008	5.1367	2.6969	2.46	80.87	5.19	5.27	5.19	0	9003.014707	7022.255067	1244.635864	14.56190172	9.026233947	-9.403183548	17.76775923	142.5122	667	6.2443	47.354	140.9248	2.9436	10.77	120.006	612411	4.21609E-05	76.7411	731.332
CT17141b070522	sample	CT	17141	7/5/22	"Cobble Brook	 tributary to"	41.717015	-73.448011	7712596	9.3294	9.3294	51.064	283.1725	2.198	12.2706	10.1681	6.7247	51.2827	3.5633	0.0355	0.1262	1.5658	0.0141	0.051	146.2313	0.708189409	1.18	0.0242	0.2321	100	724.4394	13.5008	5.1367	2.6969	2.46	80.87	5.19	5.27	5.19	0	9003.014707	7022.255067	1244.635864	14.56190172	9.026233947	-9.403183548	17.76775923	142.5122	667	6.2443	47.354	140.9248	2.9436	10.77	120.006	612411	4.21609E-05	76.7411	731.332
CT20638b070522	sample	CT	20638	7/5/22	Choggam Brook	41.74825	-73.47157	7713576	1.6911	1.6911	51.2187	276.2871	2.9174	14.189	5.2735	6.1098	62.635	2.6712	0.016	0.1294	2.1369	0.0033	0.0306	158.9124	0.820557901	0.1	0.0001	0.2237	100	709.4419	13.2443	5.0363	2.6419	0.05	92.5	0	2.08	0	0	2041.749639	1685.730319	1216.39076	14.59591453	8.952320443	-9.923043979	17.0248047	141.3515	667	6.4998	49.8612	135.6328	3.6502	22.1794	139.3058	612411	4.20467E-08	0.4126	667.5492
CT20635b070622	sample	CT	20635	7/6/22	Browns Brook	41.165218	-73.286969	7732363	1.5687	2.8782	50.1658	49.2359	2.5916	13.6376	4.428	4.6447	63.4587	1.6842	0.0263	0.1273	2.6112	0.0141	0.1003	128.6593	0.647738559	13.98	0	0.2313	100	649.9649	11.7416	4.4609	2.3375	25.7	27.89	0.06	4.65	0.06	0	6917.259932	7142.599822	1222.345387	16.29063896	11.13814849	-5.702925835	19.02408904	114.2518	621	6.0931	48.5265	123.8028	2.8341	10.5227	134.153	1421097	0	0	772.0895
CT19022b070622	sample	CT	19022	7/6/22	Comstock Brook	41.204447	-73.447964	7732123	2.898	19.062	46.0115	107.7232	3.1854	14.5154	2.3057	4.0787	69.0786	1.2148	0.015	0.1231	2.9208	0.0092	0.043	146.9577	0.621076646	6.06	0.0212	0.24	100	668.0619	12.3359	4.6948	2.4664	11.45	62.42	3.6	3.23	3.6	0	8448.364709	8526.221376	1270.999186	16.16829295	10.71192774	-6.194534084	19.81275958	114.7737	621	6.044	48.2093	126.5437	2.7543	10.8806	133.4543	1421097	4.72466E-05	766.77	827.2972
CT16583b070622	sample	CT	16583	7/6/22	Comstock Brook	41.2125	-73.4622	7732045	3.1446	9.6273	45.8589	142.8991	3.0843	14.5525	2.1678	4.2059	68.8443	1.2432	0.0186	0.1245	2.9371	0.0109	0.0532	141.875	0.762007951	2.74	0.0042	0.2361	100	684.5881	12.6779	4.8247	2.5344	5.72	74.81	0.34	7.67	0.34	0	7934.502055	7910.445095	1285.940256	15.82509345	10.43429031	-5.927676085	19.28017134	122.062	621	6.0729	47.6311	125.5176	2.7838	10.6732	133.5873	1421097	1.31603E-05	199.1439	787.4224
CT20640b070722	sample	CT	20640	7/7/22	Foot Sawmill Brook	41.680553	-72.452254	7700284	4.9338	5.9625	53.0845	166.5705	2.2095	14.2748	4.5176	6.6202	61.3435	2.7895	0.0319	0.1434	2.2173	0.0223	0.1555	118.8425	0.480971914	4.71	0.0217	0.2327	100	681.8534	12.441	4.6588	2.3887	7.19	45.19	11.54	3.1	8.06	3.48	10688.35982	10249.52442	1209.518292	14.95366874	9.294472195	-9.191627226	18.65557808	15.0487	679	6.5205	46.5426	90.1723	3.7917	7.4611	144.511	857306	8.38752E-05	18.8108	806.4445
CT20641b070722	sample	CT	20641	7/7/22	Dickinson Creek	41.57764	-72.45319	7700840	7.6977	38.4813	52.923	133.9133	1.933	14.0262	5.934	6.9633	59.2822	3.0573	0.035	0.1575	1.9715	0.0273	0.2257	110.8661	0.767255317	0.43	0.009	0.2374	100	695.7541	12.5179	4.6755	2.3881	0.94	92.6	2.6	1.57	2.6	0	13818.58118	12892.43551	1272.475608	15.38944112	9.641142282	-8.223266756	20.08699724	80.1605	679	6.2412	47.3005	112.1503	3.165	9.4619	137.7419	857306	0.000182587	82.1934	757.0373
CT16119b070722	sample	CT	16119	7/7/22	Day Pond Brook	41.5623	-72.4338	7700846	7.7652	220.3227	52.2299	126.7929	2.0405	14.0872	5.1413	6.6803	60.5732	2.8236	0.0333	0.1479	2.1294	0.0256	0.1794	111.6387	0.797948089	1.16	0.0057	0.2357	100	695.0019	12.4501	4.6461	2.37	2.36	87.5	1.81	3.29	1.81	0	14571.5287	13661.27992	1282.3965	15.45995858	9.701941002	-8.269065782	21.71213913	90.1908	679	6.3543	46.9699	103.2551	3.4153	8.6521	140.4816	857306	3.87273E-05	14.3378	753.7949
CT14458b070822	sample	CT	14458	7/8/22	Still River	41.4389	-73.401	7716876	0.7299	152.2188	50	92.4231	0.7855	4.9175	23.351	2.7674	28.614	2.836	0.0771	0.1026	0.8523	0.0099	0.1465	116.2976	0.574037553	40.85	0	0.0735	9.74	729.8051	13.5368	5.144	2.6963	64.12	14.43	0	9.99	0	0	3018.917153	3076.451573	1276.21411	16.04607385	10.22120693	-7.670160144	21.35499184	116.0937	667	6.35	48.1809	83.2693	2.9245	20.7008	104.824	612411	0	0	860.5277
CT14317b070822	sample	CT	14317	7/8/22	Naugatuck River	41.4435	-73.0642	7718060	2.6586	674.0073	48.4526	95.6304	2.4041	14.5927	5.0694	8.186	58.6787	3.8021	0.0327	0.1408	1.8308	0.0209	0.2187	134.2659	0.587739032	15.3	0.006	0.1806	100	711.3866	12.7604	4.8269	2.5132	27.39	60.26	1.39	1.66	1.39	0	10846.90527	11895.26656	1293.223086	15.79332131	10.23012396	-7.514928841	21.51296807	124.2804	667	6.386	47.268	139.2116	3.0445	12.9665	107.2531	612411	5.4832E-05	121.4129	713.3426
CT14453b070822	sample	CT	14453	7/8/22	Spruce Brook	41.4562	-73.0626	7717924	3.5091	5.4459	47.041	192.9833	1.355	14.51	1.31	7.29	60.19	2.9	0.06	0.14	2.64	0.0402	0.2504	68.75	0.827922422	0.17	0.0003	0.2231	100	714.1331	12.8788	4.8772	2.5436	0.15	92.26	0.85	1.13	0.85	0	8864.196056	9136.488307	1298.649709	14.98159345	9.545788048	-7.550551375	18.00522072	126.118	667	6.404	46.9609	151.8816	3.1082	10.6842	109.4011	612411	1.99767E-06	3.3653	700.0569
CT16122b071322	sample	CT	16122	7/13/22	Early Brook	41.4978	-72.3435	7701976	0.3924	6.2352	49.6101	97.201	2.742	14.2366	5.338	6.198	62.1897	2.5709	0.0222	0.1431	1.9977	0.0142	0.1614	140.5037	0.791645108	1.66	0	0.24	100	701.675	12.4147	4.6213	2.3486	2.06	61.93	0	22.02	0	0	578.9384911	499.1661339	1286.287292	15.68423188	9.833645335	-8.799770832	18.88782839	88.4013	679	6.06	47.5913	126.41	2.76	10.76	133.35	857306	0	0	740.7936
CT19249b071322	sample	CT	19249	7/13/22	Lake Hayward Brook	41.497476	-72.325267	7702024	2.0142	10.3671	49.8396	127.6812	2.2088	14.2679	4.3253	6.5296	61.6311	2.7113	0.0321	0.1417	2.262	0.0226	0.1536	117.2091	0.806468779	0.78	0.0059	0.2357	100	702.6107	12.4261	4.6251	2.3501	1.39	83.69	2.06	5.45	2.06	0	2699.47248	2298.734348	1284.518858	15.48354345	9.683838481	-8.812913334	20.2750953	90.915	679	6.06	47.6991	126.41	2.76	10.76	133.35	857306	2.11043E-05	214.3042	768.1443
CT15014b071322	sample	CT	15014	7/13/22	Clark Creek	41.4425	-72.4735	7702200	1.0539	7.2702	50.1904	33.3681	1.2775	13.2889	8.405	7.2122	56.2543	3.2	0.04	0.175	1.62	0.0402	0.3152	83.0833	0.694842783	9.76	0.0021	0.22	100	724.5089	12.551	4.6537	2.3514	16.57	58.92	0.34	12.55	0.34	0	1647.556372	1489.303431	1329.369633	15.88932472	10.05372147	-8.389154275	18.63370824	92.9897	679	5.3616	52.1708	150.8862	2.6978	17.6172	123.7566	857306	1.51216E-06	31.3616	750.0717
CT16046b072022	sample	CT	16046	7/20/22	Chidsey Brook	41.7848	-72.8624	6109249	5.3568	5.3568	51.2792	100.9363	0.7386	9.266	1.6499	2.5417	71.5489	1.191	0.0405	0.1179	2.5386	0.0549	0.1226	115.5495	0.630391706	14.19	0.0063	0.2391	19.57	731.548	13.4204	5.0432	2.6001	26.04	20.63	1.42	8.33	0.92	0.5	21112.41439	21820.88413	1251.471783	15.62085624	9.848317599	-8.940473651	19.14634647	123.3512	697	5.1974	53.5159	131.7923	1.6611	22.2091	146.2267	690776	8.03025E-05	52.9668	798.2443
CT20637-Db072022	sample	CT	20637	7/20/22	"Poland River	 NNT to"	41.6942	-73.00677	6111271	1.7424	1.7424	50.1875	238.2883	2.7865	14.5928	3.9403	6.3733	63.3413	2.7	0.0213	0.1303	2.2962	0.0143	0.0691	146.5155	0.814936056	0.87	0.0068	0.23	59.35	735.6775	13.4662	5.081	2.6354	1.86	86.27	1.29	8.47	1.29	0	2994.145098	2893.192153	1328.554694	14.85436451	9.097565719	-9.949121954	17.99746312	124.395	697	6.4487	47.7867	86.6127	3.8868	8.0215	146.7945	690776	2.27132E-06	23.6286	770.1235
CT20637b072022	sample	CT	20637	7/20/22	"Poland River	 NNT to"	41.6942	-73.00677	6111271	1.7424	1.7424	50.1875	238.2883	2.7865	14.5928	3.9403	6.3733	63.3413	2.7	0.0213	0.1303	2.2962	0.0143	0.0691	146.5155	0.814936056	0.87	0.0068	0.23	59.35	735.6775	13.4662	5.081	2.6354	1.86	86.27	1.29	8.47	1.29	0	2994.145098	2893.192153	1328.554694	14.85436451	9.097565719	-9.949121954	17.99746312	124.395	697	6.4487	47.7867	86.6127	3.8868	8.0215	146.7945	690776	2.27132E-06	23.6286	770.1235
CT16128b072122	sample	CT	16128	7/21/22	Stonehouse Brook	41.7812	-72.1509	6162943	8.7984	19.2114	49	125.3385	2.0357	14.3614	2.3195	6.0711	63.1825	2.2825	0.0402	0.1361	2.6413	0.0283	0.1766	100.7864	0.76449558	1.07	0.0169	0.2309	75.88	596.59	11.1896	4.2011	2.1612	2.14	70.56	4.78	13.9	3.94	0.84	9080.867385	7613.822919	1254.881869	15.27937114	9.443291101	-9.74922257	19.67372367	91.5889	675	5.0029	54.4048	135.2194	2.4826	18.7056	140.2256	393534	7.61045E-05	41.1232	797.3317
CT20633b072122	sample	CT	20633	7/21/22	"Little River	 NNT to"	41.75645	-72.04591	6162969	14.5161	55.1988	50.6121	131.5012	2.4653	13.9573	4.7507	5.46	62.4739	2.2023	0.0308	0.1378	2.4048	0.028	0.1993	107.7344	0.783784613	0.72	0.014	0.228	54.68	612.9258	11.4896	4.3131	2.2182	1.39	70.84	3.97	16.9	3.58	0.39	14902.14551	12214.53742	1251.090983	15.32730135	9.4922921	-9.607849293	20.31471919	87.9145	675.3099	5.2813	53.2359	113.5068	3.1007	16.7104	146.888	393533.9152	0.0001076	36.5022	783.3124
CT17852b072122	sample	CT	17852	7/21/22	Shady Oak School House Brook	41.89866	-71.80928	6148587	2.3832	2.3832	51	180.2729	1.8331	10.998	1.4911	4.1716	72.5682	1.256	0.0125	0.1107	2.0338	0.0026	0.0443	200.0584	0.773572849	1.21	0.0069	0.2311	100	630.0098	11.7839	4.4245	2.2764	2.61	79	1.13	8.72	1.13	0	2920.85716	2540.527664	1291.83511	14.75635052	9.136870577	-9.049924278	17.54540074	94.6122	689	4.8774	54.957	136.2652	2.4429	19.6489	141.0418	393382	8.6194E-06	18.3904	769.3644
CT16120b072522	sample	CT	16120	7/25/22	Elbow Brook	41.5211	-72.4869	7700524	2.9988	2.9988	51	99.6531	1.2775	13.2889	8.405	7.2122	56.2543	3.2	0.04	0.175	1.62	0.0402	0.3152	83.0833	0.793044527	0.94	0.0016	0.239	100	715.3103	12.6987	4.7313	2.4079	1.71	85.47	0.15	4.59	0.15	0	4678.874854	4281.824794	1306.606374	15.58475521	9.748957246	-8.895287944	17.97049031	92.1183	679	6.0674	47.6936	126.9976	2.766	10.76	132.8093	857306	8.46177E-06	60.6196	753.3262
CT19957b072722	sample	CT	19957	7/27/22	Merryall Brook	41.651682	-73.44668	7712770	7.7886	7.7886	50.7479	245.2123	2.1345	10.8811	9.0662	3.87	56.3157	1.8411	0.0374	0.1155	2.075	0.0086	0.0747	144.9181	0.709901138	0.53	0.0238	0.2344	100	712.4347	13.2765	5.0505	2.651	1	79.27	7.56	6.5	7.56	0	7967.002576	6474.453472	1247.551372	14.79071242	9.218091511	-9.631164806	17.84385267	132.4024	667	6.192	47.4593	136.82	2.8873	10.76	123.7706	612411	3.5216E-05	76.9606	748.0715
CT20639b072722	sample	CT	20639	7/27/22	Millard Brook	41.788148	-73.384467	7712368	2.8557	3.3075	49.6543	319.2978	2.6248	13.5996	8.1238	7.4587	55.8656	3.8082	0.0241	0.1312	1.577	0.0114	0.0262	161.1839	0.75547995	0.71	0.0051	0.2323	100	709.7974	13.2402	5.0089	2.6078	1.2	93.26	0.35	0.28	0.35	0	3178.384344	2546.982713	1225.931359	14.3592166	8.836738246	-10.13529802	17.169115	144.4006	667	6.3129	47.138	135.5469	3.0925	10.2683	121.6352	612411	2.62833E-06	15.3944	680.5493
CT19940b072722	sample	CT	19940	7/27/22	Gunn Brook	41.800009	-73.37902	7712374	6.5988	6.5988	49.6318	332.3401	2.7429	13.6455	7.1516	6.606	58.3092	3.1994	0.0219	0.1282	1.8589	0.0103	0.0273	158.6831	0.715749421	0.85	0.0139	0.2375	100	719.87	13.4197	5.0768	2.6431	1.59	86.2	3.17	3.04	2.86	0.31	7069.195104	5591.250193	1242.109836	14.2669432	8.81688472	-10.33195574	17.44284604	140.3343	667	6.4318	46.8678	104.0851	3.5221	8.4744	138.2128	612411	1.64293E-05	42.1932	693.241
CT20632b072822	sample	CT	20632	7/28/22	Roaring Brook	42.00117	-73.23864	166182167	1.0089	6.0588	47.9697	337.5941	1.6287	12.9073	6.3525	6.8552	54.466	3.3183	0.0506	0.1314	2.0533	0.0279	0.1574	105.6669	0.599716601	0	0.0438	0.2202	33.9	737.9706	13.7366	5.2016	2.7119	0	79.93	19.18	0.89	5.35	13.83	673.2105264	471.835123	1285.610128	13.76239581	8.096547931	-10.90597645	16.96843478	144.2068	667	6.4	47.0117	153.23	3.09	10.76	108.67	612411	8.87157E-06	154.238	719.6423
CT16124b072822	sample	CT	16124	7/28/22	Flat Brook	41.938249	-73.321123	7711980	7.8507	7.8507	48.8411	336.3554	2.9482	13.9747	3.3283	4.5704	67.7846	1.5552	0.012	0.1257	2.5701	0.0042	0.0471	156.0811	0.7676422	0.49	0.0112	0.2374	100	720.4457	13.4185	5.0797	2.6472	0.87	84.44	2.73	7.05	2.73	0	8144.67867	6447.796427	1159.928954	13.91039887	8.333271617	-10.8035651	17.3609575	145.4462	667	6.5563	46.493	147.0856	3.15	11.803	117.1115	612411	1.85633E-05	37.4204	719.0256
CT16028b072822	sample	CT	16028	7/28/22	Carse Brook	41.8552	-73.3755	7712134	2.9691	14.1579	49.5005	298.1754	3.212	14.4512	2.4344	4.073	68.9987	1.2016	0.0114	0.1215	2.889	0.0046	0.0332	150.757	0.808217193	0.46	0.0043	0.22	100	706.2053	13.178	4.9874	2.5982	0.7	85.11	2.12	6.37	2.12	0	3233.742439	2627.036633	1182.427046	14.3234995	8.657556099	-10.31930872	18.22615537	140.0722	667	5.3043	53.3819	150.7568	2.7065	17.9957	124.5893	612411	3.33059E-06	18.0967	683.5765
CT16103b072822	sample	CT	16103	7/28/22	Guinea Brook	41.823994	-73.430092	7712258	2.0763	11.0826	48.521	372.1776	2.886	14.2643	3.4914	5.1717	65.8805	1.9327	0.0171	0.1271	2.5324	0.0055	0.0553	147.8026	0.477339677	2.74	0.0881	0.2366	100	704.1298	13.155	4.9781	2.5929	6.06	51.28	28.48	7.37	21.89	6.59	672.5188171	233.9878354	1236.389292	14.01523681	8.759583937	-10.27962734	18.28740744	137.0256	667	6.0767	47.6624	127.7237	2.7762	10.76	132.1411	612411	3.49548E-05	283.9888	756.6593
CT16191b082422	sample	CT	16191	8/24/22	Hall Meadow Brook	41.9173	-73.1949	7712002	4.041	12.2238	48	373.5052	2.8125	14.2401	4.2585	5.73	64.1803	2.3315	0.0192	0.1299	2.3389	0.0079	0.0559	149.0671	0.759636456	0.38	0.0082	0.24	100	779.3145	14.4549	5.4699	2.849	0.78	91.15	2.42	3.61	2.2	0.22	4402.023482	3488.86917	1330.831252	13.3527121	7.86570619	-11.01857468	17.69600006	131.9896	667	6.06	47.7172	126.41	2.76	10.76	133.35	612411	5.84151E-06	26.2476	739.7572
MA9628b090622	sample	MA	Primestrs-9628	9/6/22	Onota Brook	42.46609887	-73.25488434	7709628	1.683	29.7279	46	324.9139	0.15	0.9	33.2	1.3557	11.15	2.735	0.1	0.085	0.15	0.0006	0.1476	108.6189	0.386775263	23.09	0.0386	0.27	91.71	646.169	12.2275	4.6105	2.389	41.24	19.89	6.84	2.78	6.84	0	7391.01657	8543.72514	1134.553224	13.53566881	7.500521866	-12.03930492	17.91122193	120.0968	667	7.35	52.3744	118.49	5.75	28.27	148.97	612411	6.88635E-06	32.11	840.7455
MA208b090722	sample	MA	PrimeRef-0208	9/7/22	West Brook	42.24787164	-73.28014542	7710208	12.8367	12.8367	45.8339	521.7996	2.7456	14.1271	3.2621	5.5192	66.1293	2.0994	0.0212	0.1288	2.4712	0.0063	0.11	147.618	0.815645721	0.12	0.0003	0.2304	100	669.1029	12.542	4.7437	2.4692	0.12	90.78	0.02	5.17	0.02	0	13860.65012	11556.05579	1300.663039	12.30747972	6.921666772	-11.43239152	17.17512378	157.15	667	5.8687	39.8162	141.3289	1.4202	8.0268	102.7538	612411	5.94087E-07	0.4164	713.3639
MA0208QCb090722	sample	MA	PrimeRef-0208	9/7/22	West Brook	42.24787164	-73.28014542	7710208	12.8367	12.8367	45.8339	521.7996	2.7456	14.1271	3.2621	5.5192	66.1293	2.0994	0.0212	0.1288	2.4712	0.0063	0.11	147.618	0.815645721	0.12	0.0003	0.2304	100	669.1029	12.542	4.7437	2.4692	0.12	90.78	0.02	5.17	0.02	0	13860.65012	11556.05579	1300.663039	12.30747972	6.921666772	-11.43239152	17.17512378	157.15	667	5.8687	39.8162	141.3289	1.4202	8.0268	102.7538	612411	5.94087E-07	0.4164	713.3639
MA5379b090722	sample	MA	PrimeRef-5379	9/7/22	Valley Brook	42.08197453	-72.9096246	6105379	7.2927	7.2927	45.7232	362.9747	1.4849	12.5323	2.7128	5.102	65.0952	2.1431	0.0549	0.1389	2.3585	0.0494	0.177	96.6135	0.817753487	0.22	0.0023	0.26	100	716.4805	13.3443	5.0261	2.6005	0.37	93.15	0.87	2.54	0.77	0.1	8014.494971	6536.844497	1325.212103	13.52530619	7.629512792	-11.59476773	17.33741643	134.4442	699.3826	5.73	41	140.4	0.64	7.69	91.06	690281.0865	2.14257E-05	51.5762	730.1491
MA363b090822	sample	MA	PrimeRef-0363	9/8/22	Broad Brook	42.73553196	-73.20485698	22290363	26.8353	26.8353	48	548.7819	1.4016	8.978	6.1156	3.7328	61.6548	3.9379	0.0189	0.1008	1.6462	0.0125	0.0573	190.5806	0.796806972	0.67	0.0038	0.3456	76.52	655.9561	12.7244	4.744	2.4169	1.12	92.89	1.05	2.21	1.05	0	30817.94987	25825.24545	1280.415115	11.83959806	6.557064674	-11.6264413	16.56443705	201.0717	714	7.1323	37.0689	120.9892	1.8001	6.0612	122.9154	410926	1.49735E-05	4.2105	708.1333
MA4614b090822	sample	MA	PrimeRef-4614	9/8/22	Dunbar Brook	42.7045149	-72.95266602	10294614	1.6128	28.0449	45.4699	458.8494	1.5712	14.0376	2.8546	7.0835	60.5349	2.8982	0.0475	0.1417	2.3252	0.0356	0.2134	95.2279	0.879588089	0.33	0	0.23	100	701.362	13.4503	5.0403	2.5879	0.89	98.38	0	0.17	0	0	1773.82997	1380.940522	1319.350257	12.0757667	6.585263772	-11.93046861	16.87525082	183.1385	862	5.8043	39.3933	149.7619	1.2599	8.7785	97.5848	403818	0	0	671.5843
MA387b090822	sample	MA	Primestrs-0387	9/8/22	Dry Brook	42.60754542	-73.12540686	22290387	24.0975	27.2718	46.0739	482.0214	1.3135	11.0754	8.7771	5.2908	53.0557	2.4185	0.0481	0.1197	2.0783	0.0249	0.1097	115.2377	0.572875924	2.08	0.0608	0.2547	100	669.4343	12.7563	4.7936	2.4715	4.2	65.86	20.14	5.18	19.93	0.21	31519.28728	27161.70524	1305.084071	12.25054579	6.789479732	-11.71635873	17.10313431	166.3205	713.2703	8.9738	37.82	119.3695	2.5946	5.3396	124.7089	411066.7911	0.000194891	73.0077	735.0579
MA3479b090822	sample	MA	PrimeRef-3479	9/8/22	Westfield River	42.51463153	-72.9929962	6093479	1.6218	35.6823	46.0577	523.3303	1.5588	13.9884	2.3023	6.9948	61.1096	2.8099	0.0501	0.1404	2.3492	0.0364	0.2389	94.5932	0.796687971	0.48	0.0042	0.23	100	712.041	13.4917	5.0688	2.6127	0.84	94.45	1	0.72	1	0	1751.202697	1376.909134	1330.679883	11.97654451	6.666296609	-11.54001111	17.42362621	136.1077	711	6.1326	41.547	106.7443	2.0268	4.9442	123.9521	561412	1.00007E-06	5.6757	712.6421
MA6009b090922	sample	MA	Primestrs-6009	9/9/22	Meadow Brook	42.46184905	-72.88943792	6096009	3.2616	10.8963	45.8035	365.1481	1.2415	11.9334	1.1867	5.8274	66.9736	2.1258	0.0377	0.1237	2.1077	0.0227	0.1619	144.5012	0.520594141	1.6	0.0395	0.23	100	680.0781	12.7989	4.8231	2.4978	3.18	68.6	13.02	9.82	13.02	0	7115.223082	6449.860111	1227.106156	13.20006774	7.072656138	-11.58832815	17.07979966	125.4247	711	6.21	42.19	96.6	2.22	4.04	130.17	561412	9.97212E-05	48.6649	755.915
MA4990b090922	sample	MA	Primestrs-4990	9/9/22	South River	42.52224973	-72.7803288	10294990	4.527	7.2621	47.0054	365.4988	1.4803	11.712	8.7876	5.868	50.635	2.7721	0.06	0.1331	1.8901	0.0305	0.2492	92.9762	0.386342289	2.73	0.0611	0.26	100	661.8825	12.4405	4.6933	2.435	5.37	66.75	19.48	2.41	19.48	0	9224.595041	8486.132888	1302.192344	13.03920402	7.153392581	-11.58099434	16.40943188	149.5416	862	5.7306	41.084	140.3472	0.6403	7.6881	91.0984	403818	0.000461205	218.7856	713.1334
MA4990QCb090922	sample	MA	Primestrs-4990	9/9/22	South River	42.52224973	-72.7803288	10294990	4.527	7.2621	47.0054	365.4988	1.4803	11.712	8.7876	5.868	50.635	2.7721	0.06	0.1331	1.8901	0.0305	0.2492	92.9762	0.386342289	2.73	0.0611	0.26	100	661.8825	12.4405	4.6933	2.435	5.37	66.75	19.48	2.41	19.48	0	9224.595041	8486.132888	1302.192344	13.03920402	7.153392581	-11.58099434	16.40943188	149.5416	862	5.7306	41.084	140.3472	0.6403	7.6881	91.0984	403818	0.000461205	218.7856	713.1334
MA1351b090922	sample	MA	PrimeRef-1351	9/9/22	Unnamed Tributary	42.46890058	-72.38113392	7691351	5.3649	10.3896	47.5445	272.5265	2.3127	13.7133	6.0002	7.2776	59.3631	3.4453	0.032	0.1355	1.7788	0.0164	0.0596	149.9045	0.804222518	0.06	0.0008	0.19	78.95	772.4719	14.3583	5.4676	2.8784	0.12	97.66	0.2	1.48	0.2	0	5747.258353	4752.604225	1316.641692	13.72419526	7.715478907	-11.15076339	17.82241306	18.3928	469	4.99	55.7	99.95	1.45	13.98	139.56	439717	8.88341E-06	3.5954	743.3607
MA4427b091022	sample	MA	PrimeRef-4427	9/10/22	Mine Brook	42.0622339	-71.84614989	6144427	2.0817	2.9241	52.0026	214.4028	3.54	14.2833	1.39	1.99	72.3	0.45	0.03	0.1	4.49	0.0034	0.0001	188.6766	0.83168738	0.61	0.0002	0.2007	30.44	657.6205	12.2424	4.6035	2.3748	1.51	94.47	0.09	2.9	0.09	0	3355.873148	3175.446737	1215.295678	14.33226366	9.00163052	-9.792606996	17.27989773	88.1611	689	6.5281	48.2809	117.2176	0.7931	10.0978	115.1433	394043.9473	4.81878E-07	4.3132	771.5153
MA6327b091022	sample	MA	Primestrs-6327	9/10/22	Kettle Brook	42.24010242	-71.879113	166196327	0.9639	17.7741	53.1279	234.6711	2.2759	14.2075	4.36	6.645	60.4379	2.6575	0.04	0.15	1.98	0.0402	0.2988	110.3559	0.626994461	13.16	0	0.22	100	669.3221	12.4177	4.6845	2.4295	25.77	43.04	0.37	12.51	0.37	0	2905.718626	2959.38028	1228.691061	14.05303759	8.852309339	-9.740429315	18.38496729	93.0232	700	6.44	45.8002	73.97	0.79	5.36	139.3	776153	0	0	780.5612
MA5837b091022	sample	MA	Primestrs-5837	9/10/22	Fall Brook	42.51134515	-71.73723243	6075837	4.194	19.359	53	128.4281	2.2759	14.2075	4.36	6.645	60.4379	2.6575	0.04	0.15	1.98	0.0402	0.2988	110.3559	0.477666427	43.13	0.0046	0.1956	19.12	621.8107	11.5235	4.3448	2.2518	67.96	13.82	0.9	6.85	0.79	0.11	19511.83117	22079.22744	1179.776369	15.02993866	9.102670299	-10.23487127	18.19648519	87.0027	494	3.6582	63.936	116.6793	0.9039	23.6426	143.5729	594044	1.17478E-05	50.6666	789.1663
MA5537b091022	sample	MA	PrimeRef-5537	9/10/22	Unnamed Tributary	42.65207092	-71.75957923	6075537	2.2311	2.2311	49.0633	187.215	3.6062	14.1858	1.2528	1.7498	72.4715	0.3924	0.0349	0.1025	4.1665	0.0062	0	176.9626	0.82279908	0.07	0.0002	0.2198	99.88	617.5087	11.4346	4.329	2.2572	0.12	93.83	0	4.76	0	0	3126.319005	2904.54179	1196.296241	14.46097983	8.566860528	-10.41137522	17.69357246	69.1486	494	6.44	45.6603	73.97	0.79	5.36	139.3	594044	1.16251E-06	1.0774	762.6507
MA7407b091122	sample	MA	Primestrs-7407	9/11/22	Rosemary Brook	42.3196947	-71.24615807	5867407	1.6236	10.053	58	35.9908	1.9617	12.8694	5.3049	6.7256	60.4941	3.6988	0.0436	0.2285	1.4711	0.0167	0.1802	107.5313	0.578707339	29.98	0	0.16	2.38	578.1701	10.5326	3.947	2.0256	54.04	14.47	0	5.27	0	0	12836.32313	14904.78888	1231.322569	15.66396383	9.757323341	-7.944013357	19.03232715	7.1563	509	4.71	52.5	100.05	0.64	16.75	104.14	2004387	0	0	780.4496
MA3779b091122	sample	MA	Primestrs-3779	9/11/22	Mill River	42.19325396	-70.95954158	5863779	4.3632	16.2747	51.8828	38.4859	3.5389	15.0795	2.9675	3.7526	67.1391	1.3424	0.0366	0.1416	3.8616	0.0041	0.0003	180.3828	0.500532895	41.09	0.0005	0.1892	47.59	572.6695	10.1586	3.7918	1.9335	64.7	10.73	0.04	10.97	0.04	0	33123.55102	37652.03789	1263.62222	15.45458408	10.26888966	-7.015841569	21.12549067	7.1684	509	4.9828	55.6172	99.9526	1.4266	14.0508	138.654	2004387	0	0	882.3084
MA6977b091122	sample	MA	Primestrs-6977	9/11/22	Charles River	42.11904581	-71.45397389	5866977	0.1503	57.8538	57	62.8853	3.54	14.2833	1.39	1.99	72.3	0.45	0.03	0.1	4.49	0.0034	0.0001	188.6766	0.591556041	28.9	0	0.1895	0	612.5344	11.2282	4.2132	2.1665	48.51	30.54	0	13.77	0	0	552.1069308	576.8963447	1247.10219	15.7195556	9.693938181	-9.600000381	19.72422686	63.9494	509	4.99	56.4937	99.95	1.45	13.98	139.56	2004387	0	0	940.3114
MA5948b091122	sample	MA	OverRef-5948	9/11/22	Unnamed Tributary	42.15023573	-71.61668857	6115948	3.4695	40.4208	53.9416	94.0901	3.54	14.2833	1.39	1.99	72.3	0.45	0.03	0.1	4.49	0.0034	0.0001	188.6766	0.655794652	5.63	0.0135	0.1886	36.08	624.3724	11.5326	4.3349	2.2352	10.42	57.8	2.57	22.23	2.57	0	7401.19293	7267.018169	1233.642945	15.43699788	9.499780503	-10.00451364	19.6486219	97.0198	700	3.1043	66.3383	125.1874	0.9306	27.2824	144.8051	776153	3.4021E-05	185.4658	797.9977
MA6365b091222	sample	MA	Overstrs-6365	9/12/22	Horn Pond Brook	42.4611599	-71.149215	5866365	2.7468	40.4433	54.8139	29.0436	3.0203	15.8607	7.7203	8.98	53.7566	4.7733	0.0547	0.2186	1.2503	0.0099	0.4574	193.3754	0.384118117	64.38	0.0014	0.1852	83.72	613.1938	11.1152	4.1606	2.1317	91.45	2.53	0	0	0	0	37977.02285	45894.24673	1268.617585	15.22602644	9.784422969	-7.868676402	19.76305588	6.7363	509	2.589	67.6133	133.0742	0.9342	30.6677	142.6716	2004387	1.20586E-05	9.6267	828.1687
MA2275b091222	sample	MA	OverRef-2275	9/12/22	North Brook	42.392526	-71.660329	6772275	18.2133	21.1221	54.8299	136.8272	2.6031	13.9586	3.0521	4.9097	65.1749	2.0072	0.0326	0.1183	3.168	0.0165	0.0446	157.2182	0.694380667	4.7	0.0101	0.18	94.02	643.7343	11.9002	4.4814	2.318	9.06	66.21	3.61	14.09	3.56	0.05	37150.84632	37107.34293	1194.774372	14.93815833	9.198056649	-10.08288782	19.4100592	91.0021	585.3715	7.2	45.9699	127.1	0.77	8.09	103.16	906582.4976	0.00016992	170.898	782.5542
XB1120822	blank	ME																																																								
XB1121222	blank	CT																																																								
XB1121322	blank	CT																																																								
XB1121422	blank	MA																																																								
XB1121522	blank	MA																																																								
XB2120822	blank	ME																																																								
XB2121222	blank	CT																																																								
XB2121322	blank	CT																																																								
XB2121422	blank	MA																																																								
XB3120822	blank	ME																																																								
XB3121222	blank	CT																																																								
Nehu1to100018SNX	pos_control	NA																																																								
Nehu1to10018S	pos_control	NA																																																								
NTC01092318S	NTC	NA																																																								
MA3479w090822	blank	MA
