#SampleID,State,Year,SiteAlias,SampleID,Collected_Date,WaterbodyName,Latitude,Longitude,COMID,US_L4CODE,US_L3CODE,DIST_Cat,CatAreaSqKm,WsAreaSqKm,BFICat,ElevCat,Na2OCat,Al2O3Cat,CaOCat,Fe2O3Cat,SiO2Cat,MgOCat,SCat,P2O5Cat,K2OCat,NCat,HydrlCondCat,CompStrgthCat,ICI_v2_1,PctImp2019Cat,AgKffactCat,KffactCat,PctGlacTilCrsCat,SN_2008Cat,NO3_2008Cat,InorgNWetDep_2008Cat,NH4_2008Cat,PctUrban2019Cat,PctForest2019Cat,PctAg2019Cat,PctWetland2019Cat,PctHay2019Cat,PctCrop2019Cat,NsurpCat,NANICat,PrecipCat,TmaxCat,TmeanCat,TminCat,MSST_Avg,RockNCat,RunoffCat,ClayCat,SandCat,WtDepCat,OmCat,PermCat,RckDepCat,sw_fluxCat,WaterInputCat,wdrw_LDCat,WetIndexCat,Temperature_DegC,SpecConductivity_msCm,DO,Tot_Alk,NO3NO2,Chloride,Chla_area,Color_app,TKN,TN,TP,Turbidity,TDS,Chla_conc,pH
MassExtra_Ref_5289,MA,2024,MassExtra_Ref_5289,MassExtra_Ref_5289,15-AUG-2024,Mason Brook,42.706137,-71.751964,6075289,59h,59,Ref,2.628,16.3251,48,147.6277,2.7922,14.7374,4.3442,5.1787,62.6306,2.2786,0.0309,0.1606,2.3144,0.0259,0.1704,130.1297,0.793343493258116,1.82,0.0063,0.23,39.69,638.9256,11.8464,4.4842,2.3375,4.18,81.16,1.88,7.19,1.88,0,2947.93728096792,2488.43905869041,1209.32863180137,14.5555798782192,8.56739434609589,-10.918424544589,18.920355952,110.1138,494,4.67,50.064,146.77,3.15,9.02,132.34,594044,1.3037061709616E-05,21.4029,757.8599,20,90,9.01,8.64,0.05,14,0.0022,52,0.497,0.5,0.021,1.3,61,0.454,6.59
MassExtra_Ref_5289,MA,2024,MassExtra_Ref_5289,MassExtra_Ref_5289_QC,15-AUG-2024,Mason Brook,42.706137,-71.751964,6075289,59h,59,Ref,2.628,16.3251,48,147.6277,2.7922,14.7374,4.3442,5.1787,62.6306,2.2786,0.0309,0.1606,2.3144,0.0259,0.1704,130.1297,0.793343493258116,1.82,0.0063,0.23,39.69,638.9256,11.8464,4.4842,2.3375,4.18,81.16,1.88,7.19,1.88,0,2947.93728096792,2488.43905869041,1209.32863180137,14.5555798782192,8.56739434609589,-10.918424544589,18.920355952,110.1138,494,4.67,50.064,146.77,3.15,9.02,132.34,594044,1.3037061709616E-05,21.4029,757.8599,,,,8.48,0.05,14,0.0018,52,0.387,0.39,0.02,1.7,74,0.364,6.48
MassExtra_Ref_8749,MA,2024,MassExtra_Ref_8749,MassExtra_Ref_8749,17-AUG-2024,Trout Brook,42.383816,-71.837751,6078749,59h,59,Ref,4.4613,17.8578,52.1755,202.7211,2.7631,14.3572,1.392,3.9287,67.7348,1.2963,0.0349,0.1168,3.511,0.0204,0.0494,137.8822,0.777583948234369,1.7,0.0084,0.2025,0,677.0109,12.5528,4.7411,2.4638,3.57,80.05,1.88,11.3,1.88,0,6568.09245780316,6028.37808933069,1211.5828261973,14.3714686842647,8.71176628973169,-10.5131532287271,18.567422987,101.8681,494,3.8335,62.4824,113.9912,0.8988,22.4901,143.6016,594044,2.56178142582434E-05,106.6665,786.8414,18.4,83.5,8.62,11.5,0.11,14,7E-04,85,0.816,0.93,0.028,0.99,49,0.137,6.71
MassExtra_Strs_5834,MA,2024,MassExtra_Strs_5834,MassExtra_Strs_5834,14-AUG-2024,Quinsigamond River,42.208366,-71.69757,6115834,59c,59,Strs,6.1272,96.4395,54,130.4513,3.0317,13.8382,1.9716,3.8041,69.3666,1.313,0.0199,0.0929,3.5616,0.0058,0.0214,175.0999,0.486116440037737,15.56,0.0326,0.2084,29.61,636.9873,11.7832,4.4334,2.2896,31.16,39.7,6.12,8.9,5.21,0.91,22558.5470583711,23958.3010011171,1223.07616941833,15.0604171235311,9.23729813658931,-10.1114571748678,20.37118257935,85.9209,700,5.2691,53.438,91.9484,0.8384,13.0552,141.2324,776153,9.78374279476878E-05,299.4268,781.775,23.5,554,8.44,34.2,0.05,120,0.0056,31,0.401,0.4,0.033,1.4,250,1.13,7.01
OverRef_1339,MA,2024,OverRef_1339,OverRef_1339,18-AUG-2024,East Branch Fever Brook,42.479448,-72.224754,7691339,59b,59,Ref,1.1223,14.184,48,241.6881,2.2709,14.8016,5.1805,8.3748,58.7576,3.9614,0.0388,0.1441,1.8586,0.0244,0.078,135.4564,0.867447774800777,0.04,3E-04,0.19,100,704.7501,13.0966,4.9858,2.6237,0,96.24,0,1.68,0,0,1151.00114847092,923.196358286135,1207.83357391339,13.9840665112269,7.93971273434643,-11.3836405607859,18.7382085199,53.3009,469,4.99,55.7,99.95,1.45,13.98,139.56,439717,3.23236916436299E-07,5.3335,745.49,20.2,68,7.28,8.5,0.05,15,0.0013,90,0.415,0.42,0.02,1.3,72,0.264,6.36
OverRef_1407,MA,2024,OverRef_1407,OverRef_1407,18-AUG-2024,Parkers Brook,42.394423,-72.047131,7691407,59b,59,Ref,2.8818,13.7736,51.7508,244.0094,1.8567,15.0957,3.7427,7.8111,61.5128,3.4039,0.0739,0.1613,2.2513,0.0344,0.1894,96.4823,0.750892084402752,1.61,0.0027,0.2004,0,661.2796,12.2823,4.6596,2.4387,3.31,82.55,1.75,8.62,1.75,0,3651.0473926765,3186.11064383245,1185.14871438788,14.027028696752,8.10812174178638,-11.3457213630543,17.525345800975,96.6899,469,3.6222,62.3664,117.2357,0.9076,23.8788,143.9504,439717,6.42376750493469E-06,40.5035,759.8538,15.6,95,9.7,14.6,0.05,19,0.0019,46,0.15,0.15,0.024,4.2,78,0.375,6.46
OverRef_3355,MA,2024,OverRef_3355,OverRef_3355,18-AUG-2024,Not Available,42.688459,-72.179348,9343355,58g,58,Ref,1.5021,37.377,48.2612,290.5313,3.262,14.5157,2.2894,3.9544,69.3868,1.1218,0.0117,0.1211,2.9413,0.0075,0.0297,150.7441,0.808053159709614,0.53,0.0072,0.21,100,653.645,12.1858,4.6101,2.4023,0.66,82.86,3.06,6.59,3.06,0,1540.58200200102,1261.85596029245,1203.48949632115,13.5252828381066,7.51506609340923,-12.1960453944278,18.818236404775,15.9712,641,3.73,57.98,101.49,6.55,9.75,146.3,301861,9.24550437208868E-06,113.5712,741.0719,20.8,55,8.45,8.18,0.05,10,0.0014,160,0.592,0.59,0.022,1.5,89,0.292,6.74
OverRef_3377,MA,2024,OverRef_3377,OverRef_3377,18-AUG-2024,West Branch Tully River,42.663519,-72.267105,9343377,58g,58,Ref,0.945,23.445,49,218.1218,2.3378,14.2019,5.137,7.2358,59.8545,3.3068,0.0336,0.136,2.0336,0.0207,0.0672,139.4099,0.730945684160559,1.78,0.0099,0.194,42.19,652.3377,12.158,4.6061,2.4055,3.91,80.76,2.76,9.33,2.76,0,1227.88043749248,1096.8939205786,1199.84829031429,14.003516183619,7.76524337859048,-12.063143098,18.56015640935,16.893,641,3.1294,62.5868,139.8155,1.6392,24.3729,141.508,301861,2.50060486331492E-05,52.36,782.3562,19.9,36.5,8.67,8.4,0.05,3.9,9E-04,41,0.32,0.32,0.01,1.1,42,0.189,6.82
OverRef_3457,MA,2024,OverRef_3457,OverRef_3457,18-AUG-2024,Not Available,42.620169,-72.393038,9343457,58g,58,Ref,10.8945,10.8945,49,300.4704,2.7962,13.9417,3.6112,4.8441,65.471,1.7447,0.0209,0.1265,2.5573,0.0141,0.0713,144.2306,0.825795687419504,0.22,0.0018,0.2266,100,658.4045,12.2861,4.6551,2.4315,0.32,89.94,0.66,5.72,0.66,0,11151.7387135947,9421.71084861403,1222.66192353573,13.5371228935151,7.49364863056588,-11.8809084432053,17.439621293525,20.4667,640.6861,4.6905,50.315,143.7647,3.0339,9.3384,132.8034,302027.2097,3.86808454484581E-05,7.159,724.2891,18.1,23.6,8.7,6.56,0.05,2.6,4E-04,88,0.517,0.52,0.013,1,49,0.083,6.65
OverRef_3809,MA,2024,OverRef_3809,OverRef_3809,18-AUG-2024,Lyons Brook,42.572243,-72.463848,9343809,58g,58,Ref,6.2712,9.297,47.7989,271.5457,2.7353,13.04,1.8518,3.8657,71.1976,1.0697,0.01,0.1152,2.6004,0.0033,0.0275,173.9847,0.785929441567054,0.65,0.006,0.19,100,700.4354,13.0449,4.9549,2.5982,1.16,87.99,2.96,1.72,2.96,0,7373.96992401321,6298.2520583859,1245.15249745838,13.70981504093,7.73255608474455,-11.7178530112801,17.604562008725,134.7755,639.712,4.99,55.7,99.95,1.45,13.98,139.56,302041.465,8.49493749688564E-05,27.8158,723.9501,18.2,33,9.46,8.2,0.05,4.3,3E-04,75,0.15,0.15,0.01,0.55,52,0.056,6.49
OverStrs_8329,MA,2024,OverStrs_8329,OverStrs_8329,15-AUG-2024,Not Available,42.374876,-71.826431,6078329,59h,59,Strs,1.9701,116.64,52.698,183.3803,2.9176,14.3258,1.3665,3.5296,68.6024,1.1308,0.0349,0.1142,3.6311,0.0178,0.0403,145.0406,0.752095049764093,2,0.0152,0.1803,0,672.3886,12.4641,4.7061,2.4445,4.24,68.89,3.75,15.81,3.75,0,3199.02305847129,2963.88462773325,1212.30501880311,14.5647207846505,8.89875319798995,-10.26185456254,20.7142524672,94.3334,494,2.5649,70.7739,133.4708,0.9508,30.8278,145.6954,594044,2.23821063009283E-05,211.1634,781.4376,23.2,305,9.18,18,0.22,67,0.003,44,0.359,0.58,0.019,1.1,160,0.601,6.76
PrimeRef_0249,MA,2024,PrimeRef_0249,PrimeRef_0249,15-AUG-2024,Maynard Brook,42.32443,-72.04505,7690249,59b,59,Ref,5.112,5.112,52.8164,293.4175,2.173,14.439,4.1887,6.9315,60.7661,2.8419,0.0486,0.1528,2.0556,0.0386,0.269,106.9938,0.753284978147233,0.59,0.0163,0.22,99.93,682.5267,12.6768,4.8092,2.5169,1.01,62.46,4.52,25.28,4.52,0,6668.89465126041,5818.74916296516,1203.21521256162,13.5854250409155,8.26635903690141,-10.9261090597711,16.7487039039,92.5105,469,5.8999,48.988,82.2623,0.8122,8.9093,140.1913,439717,6.70046270678041E-05,241.7973,810.8452,17.2,71,8.41,8.36,0.18,11,0.0011,120,0.76,0.94,0.033,1.6,69,0.218,7.42
PrimeRef_0249,MA,2024,PrimeRef_0249,PrimeRef_0249_QC,15-AUG-2024,Maynard Brook,42.32443,-72.04505,7690249,59b,59,Ref,5.112,5.112,52.8164,293.4175,2.173,14.439,4.1887,6.9315,60.7661,2.8419,0.0486,0.1528,2.0556,0.0386,0.269,106.9938,0.753284978147233,0.59,0.0163,0.22,99.93,682.5267,12.6768,4.8092,2.5169,1.01,62.46,4.52,25.28,4.52,0,6668.89465126041,5818.74916296516,1203.21521256162,13.5854250409155,8.26635903690141,-10.9261090597711,16.7487039039,92.5105,469,5.8999,48.988,82.2623,0.8122,8.9093,140.1913,439717,6.70046270678041E-05,241.7973,810.8452,,,,7.44,0.18,11,0.0012,130,0.536,0.72,0.033,1.6,90,0.252,6.91
PrimeRef_0783,MA,2024,PrimeRef_0783,PrimeRef_0783,16-AUG-2024,Twelvemile Brook,42.1086,-72.357668,7690783,59b,59,Ref,1.0314,4.1877,55.4965,206.6258,3.0207,13.6559,3.8702,4.1076,66.4504,1.3825,0.0146,0.1189,2.6592,0.0066,0.0301,155.5598,0.768074855468221,2.4,3E-04,0.1904,65.79,682.6263,12.6832,4.7963,2.4973,4.19,62.99,0.09,3.49,0.09,0,1647.3668377761,1525.58775862893,1214.73302679756,14.4606281549738,8.77545897251309,-9.5,16.833500199575,15.7927,471.9319,4.99,55.6511,99.95,1.45,13.98,139.56,439717,0,0,737.5916,17.9,163.8,8.88,16.2,0.28,31,8E-04,49,0.306,0.59,0.025,1.3,84,0.156,7.31
PrimeRef_1377,MA,2024,PrimeRef_1377,PrimeRef_1377,17-AUG-2024,Burnshirt River,42.436196,-72.052526,7691377,59b,59,Ref,7.0569,44.8947,50.0068,250.3976,1.9812,14.6151,3.0469,6.8761,62.8349,2.811,0.056,0.1481,2.41,0.0319,0.165,106.9063,0.846648216701427,0.39,5E-04,0.2087,38.76,651.2141,12.0994,4.593,2.4062,0.75,81.07,0.23,12.63,0.23,0,8202.73107811962,7024.30907793397,1188.34012312205,13.942227917485,7.96324374921566,-11.467746355873,19.0263969661,95.8459,469,5.1167,53.3125,94.2893,0.8446,14.0572,141.484,439717,3.12112309248273E-06,8.0581,785.5453,20.5,51,8.95,8.64,0.05,9.1,0.0018,80,0.416,0.42,0.015,1.1,54,0.361,6.53
PrimeRef_1695,MA,2024,PrimeRef_1695,PrimeRef_1695,16-AUG-2024,Not Available,42.201084,-72.189298,7691695,59b,59,Ref,1.9728,1.9728,54,269.1201,1.7585,14.9814,3.2297,7.614,61.3185,3.2538,0.0696,0.156,2.4044,0.0369,0.1779,93.31,0.788743328199269,2.69,0.007,0.19,79.79,699.8505,13.0046,4.9284,2.5749,5.43,73.31,2.87,10.49,2.87,0,2729.39869768496,2435.92418746573,1229.18405502281,13.9037808819343,8.59290022572993,-10.2124088184763,16.612704042325,84.7141,469,5.5,49.4297,134.41,0.64,11.11,127.99,439717,1.36577635638859E-05,130.4691,742.6204,18.2,149.3,8.39,14.4,0.17,30,0.0011,100,0.421,0.59,0.027,2.8,140,0.218,7.24
PrimeRef_1747,MA,2024,PrimeRef_1747,PrimeRef_1747,16-AUG-2024,Bottle Brook,42.153512,-72.259335,7691747,59b,59,Ref,2.9898,2.9898,54.9895,246.923,1.7194,12.7206,3.791,6.8693,56.5474,8.3132,0.0495,0.1388,2.2328,0.0257,0.0903,112.6738,0.793295296128651,0.76,0.0065,0.19,76.64,688.2145,12.792,4.8398,2.5218,1.47,87.36,3.55,2.05,3.55,0,4018.23703466073,3517.65622864144,1221.65765097833,14.0703257733594,8.69488345737508,-9.61619506694762,16.530568778575,15.9113,469.4636,5.1603,54.293,96.8804,1.3667,12.9725,139.5403,439633.3125,3.99367866774532E-05,216.1707,727.4964,17.3,87.3,8.82,25.9,0.25,9.2,6E-04,18,0.15,0.15,0.018,0.61,54,0.127,7.39
PrimeRef_3601,MA,2024,PrimeRef_3601,PrimeRef_3601,16-AUG-2024,Whetstone Brook,42.587089,-72.357188,9343601,58g,58,Ref,13.5792,13.5792,47.9557,285.8785,2.5944,14.3742,5.62,7.7035,59.8957,3.6603,0.0227,0.135,1.7778,0.0149,0.033,157.2105,0.817872080124645,0.1,3E-04,0.19,69.09,696.5518,12.9629,4.9264,2.5855,0.14,94.3,0.23,3.81,0.23,0,13533.8749185356,10926.8272166103,1246.63456101538,13.6027291849152,7.61487285869565,-11.2529958925636,18.003687691425,18.8474,628.825,4.99,55.7159,99.95,1.45,13.98,139.56,302125.9671,1.10139727626488E-05,1.6675,743.4268,16.8,16,9.98,7.76,0.05,1.4,0.0012,43,0.15,0.15,0.011,0.44,18,0.253,7.5
PrimeRef_3739,MA,2024,PrimeRef_3739,PrimeRef_3739,16-AUG-2024,Boyce Brook,42.684987,-72.211591,9343739,58g,58,Ref,6.0678,14.931,48.7361,293.6327,1.3901,14.4328,1.8445,7.0727,60.5691,2.871,0.0539,0.1418,2.7419,0.0451,0.1447,81.8219,0.817853467938741,0.22,0.0031,0.2076,74.46,651.5735,12.1493,4.5987,2.3981,0.29,88.36,1.22,5.56,1.22,0,5860.67358969308,4744.58429349,1203.62725493325,13.525392189469,7.57404903691783,-11.4256155802729,18.168005247875,16.1446,641,3.7196,58.2109,101.7569,6.5077,9.9201,146.2981,301861,1.6380509928793E-05,49.8175,735.6427,19.3,25,9.47,5.18,0.05,3.2,0.0013,72,0.38,0.38,0.022,0.89,30,0.271,7.38
PrimeRef_5529,MA,2024,PrimeRef_5529,PrimeRef_5529,15-AUG-2024,Mulpus Brook,42.620052,-71.730728,6075529,59h,59,Ref,0.5877,4.4514,50.513,137.3914,2.2759,14.2075,4.36,6.645,60.4379,2.6575,0.04,0.15,1.98,0.0402,0.2988,110.3559,0.79666160076508,5.04,0.0024,0.22,100,616.9705,11.4189,4.3226,2.2535,8.88,72.74,0.31,13.48,0.31,0,1038.84921351662,1045.30226551362,1190.05933028484,14.7591009767994,8.81606654915773,-10.4041343969372,18.255135863225,119.1729,494,6.44,45.66,73.97,0.79,5.36,139.3,594044,1.14822628185516E-06,35.648,845.3093,17.6,386,8.64,25.7,0.3,90,0.0031,19,0.15,0.57,0.012,0.68,230,0.629,6.64
PrimeRef_7599,MA,2024,PrimeRef_7599,PrimeRef_7599,16-AUG-2024,Popple Camp Brook,42.547072,-72.155239,7687599,58g,58,Ref,0.6885,1.6965,49,336.9265,3.3,14.5,2.25,3.85,69.6,1.06,0.01,0.12,2.96,0.0068,0.0253,152.2133,0.768583467329285,0.52,0.0154,0.21,100,654.8093,12.1767,4.6214,2.4203,0.78,82.62,4.18,6.27,4.18,0,825.088999480238,713.390830033634,1203.26501672288,13.1955939286275,7.37410377364706,-11.3075818653987,16.994157617225,86.9452,497.3294,3.73,57.98,101.49,6.55,9.75,146.3,439717,9.08499711042266E-06,243.4312,731.9333,15.6,29,9.19,7.34,0.05,2.3,8E-04,20,0.321,0.32,0.03,0.48,19,0.16,7.23
PrimeRef_8122,MA,2024,PrimeRef_8122,PrimeRef_8122,16-AUG-2024,Temple Brook,42.051278,-72.384923,7698122,59b,59,Ref,1.7784,10.9188,56,159.6636,3.1904,14.1688,2.8858,3.9511,68.3641,1.1866,0.0118,0.1196,2.842,0.0067,0.0272,153.5265,0.747588381345892,1.15,0.0102,0.22,40.64,676.5887,12.5687,4.7428,2.461,2.48,79.05,1.82,9.26,1.67,0.15,2933.79205870939,2725.52124041098,1209.95998576923,14.7562551020749,9.01287382332996,-9.62899809711538,17.673068599725,16.3002,679,6.4246,46.1763,74.2461,0.7977,5.4516,139.3028,857306,2.97463927925833E-05,268.0971,745.7707,16.7,100,8.83,18.3,0.26,14,8E-04,34,0.339,0.6,0.021,1.5,50,0.16,7.37
PrimeRef_8211,MA,2024,PrimeRef_8211,PrimeRef_8211,17-AUG-2024,South Wachusett Brook,42.44773,-71.920649,6078211,58g,58,Ref,5.4,9.3897,52,308.764,1.6596,14.3748,2.3998,6.8591,60.0908,2.6932,0.0471,0.141,2.564,0.0458,0.2036,88.949,0.772752520847889,0.94,0.0139,0.2209,98.63,667.2741,12.3868,4.6873,2.4433,1.72,75.24,3.43,13.27,3.43,0,6882.88280045778,5922.04608537935,1256.46552252167,13.4676839485167,8.0379843309,-10.7068999420833,18.1572031463,98.6291,489.3375,6.4272,45.4479,75.2335,0.8758,5.2863,138.7902,593966.8365,5.87271980626333E-05,209.503,783.7063,19,52,8.42,11,0.05,7.4,0.002,80,0.782,0.78,0.035,1.5,55,0.396,7.38
PrimeStrs_0331,MA,2024,PrimeStrs_0331,PrimeStrs_0331,13-AUG-2024,Mill River,42.739681,-70.89903,5860331,59f,59,Strs,3.2472,33.3117,53.1843,14.5346,2.4962,14.154,5.1829,4.9645,60.007,2.7654,0.0443,0.1887,2.3836,0.041,0.0691,103.3786,0.590330647648034,7.12,0.0188,0.2866,0,611.2347,11.0727,4.1566,2.1384,14.58,36.86,3.63,36.5,3.63,0,7360.17681785785,6929.58217426445,1250.48972444013,14.6499850837306,9.23728928808204,-7.4515244364745,19.97000818375,13.9136,509,9.7776,54.0984,103.8122,1.4009,22.9482,147.6897,2004387,5.30422284195071E-05,350.2796,851.0754,22,462,2.11,63.4,0.11,78,0.0012,42,0.422,0.53,0.027,1.1,230,0.252,7.65
PrimeStrs_3013,MA,2024,PrimeStrs_3013,PrimeStrs_3013,14-AUG-2024,Sudbury River,42.334902,-71.394422,6773013,59d,59,Strs,7.6014,282.5694,58.4625,48.5748,2.5743,14.1951,6.4979,8.9436,55.6421,4.5373,0.042,0.2238,1.5302,0.0132,0.6036,138.0799,0.579209237169476,18.12,0.0067,0.1673,0,594.0641,10.8836,4.0839,2.1004,34.9,17.02,0.97,21.58,0.97,0,40843.8354960872,44876.7786455022,1223.86746376983,15.5724737529008,9.56384422957613,-8.36451556867156,20.8844878322,65.6672,609,3.6921,61.0843,115.8884,0.7818,23.4313,122.217,907248,0.000119881615488058,33.3634,837.739,24.8,353,8.37,27.7,0.15,89,9E-04,22,0.363,0.51,0.023,1.2,210,0.186,7.06
PrimeStrs_3543,MA,2024,PrimeStrs_3543,PrimeStrs_3543,17-AUG-2024,Otter River,42.588212,-72.040881,9343543,58g,58,Strs,4.0779,88.002,50.0947,298.5268,1.545,14.856,2.2869,7.3003,61.3095,2.9721,0.0674,0.1509,2.6411,0.042,0.1766,82.037,0.62489466202891,3.93,0.0227,0.1898,8.63,651.2093,12.11,4.5863,2.3938,8.47,48.13,6.49,24.88,6.49,0,7967.27982594837,8036.70290916509,1196.21523727875,13.5196990703597,7.42687307018318,-12.4902449719267,19.836290702375,86.8092,641,2.6777,67.7057,129.671,1.9288,27.6579,145.7471,301861,7.26187447650425E-05,326.5996,783.4734,20.6,255,8.55,17.5,0.65,66,0.0014,260,0.797,1.4,0.048,4.5,180,0.291,6.37
PrimeStrs_3785,MA,2024,PrimeStrs_3785,PrimeStrs_3785,17-AUG-2024,Otter River,42.602529,-72.071799,9343785,58g,58,Strs,10.2843,118.656,49.8418,290.2234,1.4857,14.7706,2.2338,7.42,60.4927,3.0495,0.0622,0.1469,2.6425,0.0432,0.1607,83.0517,0.516375260421088,14.13,0.0112,0.1935,66.44,649.5887,12.0829,4.5764,2.3889,26.83,36.89,5,20.02,5,0,21785.7644210278,21911.4208339035,1194.87251064146,13.5604852298941,7.454777587267,-12.5873369557189,20.1486143761,86.6654,641,2.984,65.4696,120.561,3.517,21.9072,146.1649,301861,0.000106681636295715,190.0337,857.5301,21.2,245,9.12,18.2,0.53,60,0.0037,120,0.782,1.3,0.041,5,180,0.746,6.71
PrimeStrs_4874,MA,2024,PrimeStrs_4874,PrimeStrs_4874,13-AUG-2024,Bartlett Brook,42.704423,-71.223687,6744874,59h,59,Strs,3.9582,17.793,53.8402,33.3938,1.1974,12.8599,0.8179,5.6789,65.6021,2.0354,0.0482,0.1257,2.793,0.0393,0.0706,105.4242,0.542977941702183,27.86,0.0059,0.2153,51.84,599.117,10.9898,4.1384,2.1396,52.45,17.72,1.8,14.71,1.8,0,19646.0835697584,21201.1907898976,1182.07635239882,15.1520720729422,9.22763067030468,-9.45889029561164,20.453762781825,73.7433,550,5.9945,49.3852,80.8097,0.8073,8.2876,140.0352,525943,3.15630444042688E-05,161.64,846.5521,21,380,9.16,53.7,0.24,71,0.0039,47,0.744,0.98,0.041,0.75,250,0.783,7.69
PrimeStrs_5395,MA,2024,PrimeStrs_5395,PrimeStrs_5395,15-AUG-2024,Not Available,42.675028,-71.5821,6075395,59h,59,Strs,7.6464,157.302,49.986,80.265,1.5257,13.9267,1.1031,6.0391,64.2234,2.3126,0.04,0.1313,2.7666,0.0364,0.2164,92.1264,0.334681810926388,9.57,0.0614,0.2379,2.4,603.1742,11.145,4.2125,2.1908,18.63,42.95,20.21,8.48,19.16,1.05,30710.2373039237,31572.0698158435,1186.15268155603,15.0976788012006,8.92565330173023,-10.7017065012712,21.481934021025,14.5097,494,5.5357,56.3783,140.4863,1.929,21.0356,129.7003,594044,0.00123935228622637,332.5162,815.1022,21.1,110,9.62,19.3,0.13,20,0.005,24,0.319,0.45,0.012,0.84,84,1.02,6.96
PrimeStrs_5749,MA,2024,PrimeStrs_5749,PrimeStrs_5749,12-AUG-2024,Catacoonamug Brook,42.553083,-71.669474,6075749,59h,59,Strs,1.2348,37.1853,53,101.6483,1.1775,14.5004,0.98,7.095,59.645,2.755,0.0525,0.135,2.9675,0.0504,0.1369,71.8914,0.770372944876832,9.29,0,0.188,0,614.6323,11.3853,4.2868,2.2169,16.84,51.96,0,23.76,0,0,2235.92309062806,2197.96681815986,1185.34138537901,15.0907121406706,9.0834628771137,-10.1997811704082,19.5134041427,13.7099,494,6.1508,51.3164,78.4099,0.8009,7.2604,139.7772,594044,0,0,778.3484,25.9,284,7.71,38.7,0.05,45,0.0028,17,0.546,0.55,0.011,0.75,130,0.576,7.17
PrimeStrs_5749,MA,2024,PrimeStrs_5749,PrimeStrs_5749_QC,12-AUG-2024,Catacoonamug Brook,42.553083,-71.669474,6075749,59h,59,Strs,1.2348,37.1853,53,101.6483,1.1775,14.5004,0.98,7.095,59.645,2.755,0.0525,0.135,2.9675,0.0504,0.1369,71.8914,0.770372944876832,9.29,0,0.188,0,614.6323,11.3853,4.2868,2.2169,16.84,51.96,0,23.76,0,0,2235.92309062806,2197.96681815986,1185.34138537901,15.0907121406706,9.0834628771137,-10.1997811704082,19.5134041427,13.7099,494,6.1508,51.3164,78.4099,0.8009,7.2604,139.7772,594044,0,0,778.3484,26,285,7.7,38.4,0.05,46,0.0028,12,0.424,0.42,0.012,0.82,120,0.569,7.22
PrimeStrs_5773,MA,2024,PrimeStrs_5773,PrimeStrs_5773,12-AUG-2024,Catacoonamug Brook,42.543979,-71.656803,6075773,59h,59,Strs,0.4347,49.6683,53.5321,97.5377,1.1775,14.5004,0.98,7.095,59.645,2.755,0.0525,0.135,2.9675,0.0504,0.1369,71.8914,0.606448986460582,33.25,0,0.1955,0,614.1068,11.3695,4.2801,2.2128,52.17,30.43,4.97,6,4.97,0,1839.63948983797,2008.78061855844,1186.26478895652,15.1238079228986,9.1145238836853,-10.3000001907246,19.751091379975,23.7692,494,3.5496,65.8751,130.734,1.9736,27.4336,144.3279,594044,1.17233809259677E-05,55.2996,748.5424,22.01,272.6,7.5,38,0.05,52,0.0042,43,0.497,0.5,0.026,1.2,140,0.859,7.24
PrimeStrs_6232,MA,2024,PrimeStrs_6232,PrimeStrs_6232,12-AUG-2024,Merrimack River,42.628174,-71.347754,6746232,59h,59,Strs,11.5128,10686.4038,54.07,43.0078,2.4384,13.9177,2.2589,4.3793,66.0017,1.636,0.0382,0.123,3.0279,0.0222,0.0576,131.1568,0.456865549632607,46.3,0,0.1745,23.05,624.671,11.4708,4.3272,2.2434,71.62,6.07,0.26,3.19,0.26,0,119157.125540058,142169.5941602,1179.94552345216,15.1922634918699,9.19353218370857,-9.80078956449343,22.8293595876,59.1973,568.8411,4.1131,59.3498,111.5925,1.0286,20.7556,125.186,526926.6667,0,0,921.706,23.5,753,7.54,42.6,0.28,170,0.003,190,1.42,1.7,0.101,5.8,400,0.615,6.99
PrimeStrs_6443,MA,2024,PrimeStrs_6443,PrimeStrs_6443,14-AUG-2024,Stony Brook,42.385556,-71.28957,5866443,59h,59,Strs,0.7002,27.7506,57.6118,50.8547,2.8895,14.8495,8.0396,10.0786,51.6908,5.3342,0.0493,0.2707,1.2491,0.0153,0.7094,131.9989,0.700227765248538,12.49,0,0.22,57.2,600.039,10.9609,4.1081,2.1089,25.71,28.41,0.13,10.03,0.13,0,3422.23893957519,3643.34215205442,1207.25782599357,15.4047226244216,9.54745048361183,-8.12133702030848,19.508440083125,11.394,509,6.44,45.6927,73.97,0.79,5.36,139.3,2004387,0,0,727.6658,18.1,347,8.49,43,0.97,74,8E-04,37,0.416,1.4,0.046,1.5,220,0.171,6.96
PrimeStrs_6827,MA,2024,PrimeStrs_6827,PrimeStrs_6827,14-AUG-2024,Chicken Brook,42.151512,-71.426764,5866827,59c,59,Strs,0.9828,17.2872,58,70.235,3.5574,14.1973,1.2861,2.157,72.2506,0.4706,0.0267,0.0867,4.5077,0.0034,1E-04,188.6766,0.46617014339453,11.37,0.0231,0.19,53.85,604.1864,11.0724,4.1548,2.1366,23.07,37.83,7.33,12,7.33,0,4403.40733759014,4785.5526283501,1243.47803762821,15.7001363130952,9.67769181336996,-9.55622732069597,19.83789534355,87.6189,509,4.99,55.7,99.95,1.45,13.98,139.56,2004387,9.08682350478186E-05,174.1653,825.6868,23.7,282,7.62,37.9,0.1,65,0.0034,48,1.34,1.4,0.053,1.7,170,0.697,7.03
PrimeStrs_6989,MA,2024,PrimeStrs_6989,PrimeStrs_6989,13-AUG-2024,Massapoag Brook,42.120516,-71.164263,5866989,59c,59,Strs,3.7656,14.2785,55.3786,71.7904,3.5146,14.8763,2.7265,3.4838,68.1092,1.2353,0.0349,0.1326,3.8684,0.0041,8E-04,185.4273,0.65149690104037,13.62,0.0016,0.1912,20.36,578.194,10.4243,3.902,1.9986,27.2,36.64,0.67,16.85,0.67,0,17380.2155870369,19088.308059485,1271.29622777008,15.460557851912,9.81783913472753,-7.56302575250956,19.06455342675,7.3063,509,3.6644,64.2214,117.1195,0.992,23.4712,143.5753,2004387,3.49691326292838E-05,17.8844,819.907,23.8,181.5,8.34,17.2,0.13,36,0.0053,28,0.384,0.51,0.026,0.89,82,1.08,8.38
PrimeStrs_6989,MA,2024,PrimeStrs_6989,PrimeStrs_6989_QC,13-AUG-2024,Massapoag Brook,42.120516,-71.164263,5866989,59c,59,Strs,3.7656,14.2785,55.3786,71.7904,3.5146,14.8763,2.7265,3.4838,68.1092,1.2353,0.0349,0.1326,3.8684,0.0041,8E-04,185.4273,0.65149690104037,13.62,0.0016,0.1912,20.36,578.194,10.4243,3.902,1.9986,27.2,36.64,0.67,16.85,0.67,0,17380.2155870369,19088.308059485,1271.29622777008,15.460557851912,9.81783913472753,-7.56302575250956,19.06455342675,7.3063,509,3.6644,64.2214,117.1195,0.992,23.4712,143.5753,2004387,3.49691326292838E-05,17.8844,819.907,,,,16.8,0.13,36,0.0041,30,0.338,0.47,0.026,0.92,78,0.821,8.25
PrimeStrs_7435,MA,2024,PrimeStrs_7435,PrimeStrs_7435,14-AUG-2024,Charles River,42.258074,-71.262729,5867435,59d,59,Strs,3.7476,476.8776,58.4604,45.2238,3.2958,15.0922,5.6681,7.0191,60.1469,3.6063,0.0262,0.2271,2.4728,0.009,0.4053,148.4034,0.610216571214419,6.38,0.0115,0.18,26.61,581.9047,10.5858,3.9667,2.0354,13.42,58.57,2.57,13.19,2.57,0,12689.8290446294,13171.4452749942,1249.26311710615,15.7045175912344,9.75492409716618,-7.78940928727185,21.322903749225,15.5266,509,7.2,45.99,127.1,0.77,8.09,103.16,2004387,0.000183860375972729,92.8465,809.6263,24.1,485.6,8.56,44.7,0.74,97,0.0024,68,0.543,1.3,0.031,0.8,240,0.49,7.11
PrimeStrs_7451,MA,2024,PrimeStrs_7451,PrimeStrs_7451,14-AUG-2024,Rock Meadow Brook,42.249836,-71.222694,5867451,59c,59,Strs,2.9628,7.0866,57.3612,52.9659,3.5397,14.4935,1.8064,2.4553,70.9377,0.6856,0.0317,0.111,4.3241,0.0036,1E-04,186.4873,0.597132176715385,10.97,0.0108,0.18,100,577.9906,10.4844,3.9267,2.0133,20.23,40.91,1.37,14.21,1.37,0,11399.8825278262,11659.3473813243,1260.91149331409,15.6426516248481,9.75803192071689,-7.67639718745443,18.658809441875,11.2363,509,6.7952,47.6656,122.1269,0.8871,9.1689,109.8274,2004387,6.46380803348721E-05,41.6723,809.1604,21.4,581,8.38,38,0.26,130,0.0028,41,0.941,1.2,0.058,0.91,300,0.574,6.94
PrimeStrs_7579,MA,2024,PrimeStrs_7579,PrimeStrs_7579,13-AUG-2024,Mary Lee Brook,42.158573,-71.029889,5867579,59c,59,Strs,3.6666,3.6666,54.9553,63.4018,3.4303,15.4045,4.3208,5.267,63.5081,2.2366,0.0393,0.1656,2.931,0.0053,0.0027,189.8483,0.533426434782802,27.73,6E-04,0.1894,87.09,573.0093,10.2263,3.8204,1.9509,46.56,23.78,0.17,20.81,0.17,0,26317.8989060081,30165.7296939356,1272.67682349288,15.4529264751595,9.94450401804124,-7.2494355024055,18.573761531425,7.2353,511.2246,4.7114,57.6378,103.8363,1.3949,15.9073,140.245,2003211.8954,8.7327995566835E-06,4.5918,883.8535,18.1,458.2,8.54,52.2,1.2,84,0.0016,72,0.538,1.7,0.031,2.3,250,0.317,8.14
PrimeStrs_7673,MA,2024,PrimeStrs_7673,PrimeStrs_7673,13-AUG-2024,Not Available,42.421301,-71.169094,5867673,59d,59,Strs,15.0696,102.1176,55.7901,55.1025,3.0564,16.0812,7.4315,8.4739,54.8738,4.492,0.0548,0.2013,1.3324,0.0087,0.3727,208.8204,0.486314501186825,45.01,0.001,0.1796,16.14,604.7761,10.9778,4.1191,2.1181,73.24,9.1,0.13,6.42,0.13,0,186784.772421604,224122.161064817,1247.61786994744,15.3921248279981,9.66680875113473,-7.69417703899904,19.990562222275,7.1292,509.9452,4.6919,55.6621,102.5977,1.0949,16.3727,125.963,2003062.5459,1.11468698349005E-05,1.5952,833.3915,19.6,751,8.68,74.1,0.93,160,0.0039,32,0.545,1.5,0.054,2.6,430,0.786,7.89
PrimeStrs_8233,MA,2024,PrimeStrs_8233,PrimeStrs_8233,17-AUG-2024,Stillwater River,42.424077,-71.796867,6078233,59h,59,Strs,0.7245,73.0656,52.3826,134.7401,1.4149,14.4371,1.7106,6.9977,59.8164,2.7339,0.0498,0.1382,2.7541,0.0482,0.1719,80.2055,0.523878471637025,8.82,0.0349,0.18,0,659.304,12.2208,4.613,2.3952,17.15,36.52,17.39,20.37,17.39,0,1519.47813978285,1468.6404249742,1187.12317501118,14.8814024551553,9.00023064701863,-10.2970188129068,19.96400658015,88.9952,494,2.35,71.8784,136.77,0.96,32.24,146.05,594044,2.40079528392086E-05,603.1241,893.2,19.9,110.1,8.08,12.7,0.12,18,0.0024,50,0.5,0.62,0.019,1.4,60,0.493,6.44
PrimeStrs_8571,MA,2024,PrimeStrs_8571,PrimeStrs_8571,13-AUG-2024,Town Brook,41.952626,-70.667944,5878571,84a,84,Strs,2.5263,23.9553,55.331,35.664,2.7317,14.4311,1.65,4.3767,67.3633,1.47,0.0333,0.12,3.3633,0.0098,0.0919,136.5466,0.445341019416186,27.08,0.0074,0.1262,0,589.964,9.9765,3.7131,1.8833,46.59,21.06,4.17,5.24,0.46,3.71,12814.3735477192,14910.3343238693,1303.13519254364,15.1619927297827,10.0989342632704,-5.99600997887424,20.066436962,13.109,700,2.5866,83.0961,170.4243,0.2718,45.2956,150.3319,2245464,0.00030642863563569,61.7381,774.7848,22.1,234,8.41,27.5,0.26,48,0.0012,17,0.679,0.94,0.026,2.5,100,0.246,8.79
PrimeStrs_8773,MA,2024,PrimeStrs_8773,PrimeStrs_8773,16-AUG-2024,Not Available,42.6447477,-72.5432393,6778773,59a,59,Strs,8.8263,91.2384,48.2285,116.7283,0.711,10.0789,1.4829,3.2704,69.4994,1.5111,0.0905,0.1333,2.4488,0.0665,0.1284,87.3092,0.513081735555616,3.31,0.0332,0.1886,100,643.7124,12.0518,4.5581,2.3742,6.93,69.22,15.28,2.79,14.88,0.4,17219.4625444696,16100.2801174384,1206.84756096666,14.5510708020801,8.30158521135923,-10.9800449569695,19.81188964295,121.8387,642.2129,6.195,50.5946,119.8379,0.5713,13.024,120.8397,385724.4189,0.00069863687732414,157.5379,724.1947,17.3,171,10.32,30.3,0.34,31,0.0012,7,0.15,0.34,0.011,0.77,65,0.25,7.49
PrimeStrs_4828,MA,2023,PrimeStrs_4828,PrimeStrs_4828,8/4/2023,Mill Brook,42.627948,-72.87238,10294828,58c,58,SomeStrs,2.5263,30.9177,45.0509,294.7364,2.0293,13.8216,4.8793,8.2038,58.2639,3.915,0.0366,0.15,1.5493,0.0294,0.3167,144.6187,0.600486201427402,2.9,0.017,0.23,100,646.6723,12.3012,4.6164,2.3756,4.98,83.47,7.23,0.21,7.23,0,3556.95371313825,3016.81936973271,1251.6304258461,13.2967961399359,7.31150721449947,-11.7541145889206,17.711588140875,156.3966,862,5.71,38.76,162.12,1.04,9.88,90.01,403818,8.24782282119862E-05,67.3892,699.5294,15.1,99.5,9.84,12.6,0.12,6.6,0.0026,7,0.15,0.15,0.005,0.54,36,0.476,6.61
PrimeStrs_4942,MA,2023,PrimeStrs_4942,PrimeStrs_4942,8/4/2023,Clesson Brook,42.61318373,-72.76875885,10294942,58f,58,Strs,12.6999,47.2959,46.1652,277.1685,1.6333,12.4402,6.0369,6.016,56.3773,2.6068,0.0506,0.1332,2.0406,0.0289,0.2228,106.5713,0.537702278164836,1.62,0.0382,0.2596,61.57,646.899,12.2103,4.5979,2.3787,3.32,77.24,13.83,1.3,11.87,1.96,20836.5253265847,18668.3412237994,1267.95727927149,13.4700487292892,7.44641612876479,-11.5999791213947,18.12492034145,154.992,862,5.5408,42.7181,140.1968,0.6588,9.0644,94.1386,403818,0.000829803507500284,136.6279,696.7937,15.7,221,10.02,37.6,0.3,21,0.0029,5,0.301,0.6,0.005,1,96,0.583,6.93
PrimeStrs_4946,MA,2023,PrimeStrs_4946,PrimeStrs_4946,8/3/2023,Dragon Brook,42.57552738,-72.68265163,10294946,58f,58,Strs,14.1696,16.8804,47.8016,224.6896,1.4876,12.3681,6.3843,6.2961,54.9656,2.928,0.0527,0.1317,2.0182,0.0321,0.2115,102.915,0.450936199555932,2.1,0.048,0.2248,96.49,653.2162,12.2616,4.631,2.4069,4.44,67.69,19.08,2.34,19.08,0,26760.8086081574,24368.5202121595,1255.7038882749,13.8039419660823,7.68157829071392,-11.5062627782647,17.398344341275,146.86,862,6.4096,45.4194,76.8139,0.7833,5.4597,137.2348,403818,0.00132185040334655,193.1843,721.8047,17.6,233,10.39,66,0.24,22,2E-04,12,0.15,0.15,0.005,0.76,120,0.039,7.75
PrimeRef_5108,MA,2023,PrimeRef_5108,PrimeRef_5108,8/3/2023,Green River,42.71614182,-72.66956043,10295108,58f,58,Ref,1.5759,96.9237,46.8892,241.6133,1.4936,11.8095,8.684,5.9935,50.7736,2.8381,0.0594,0.1335,1.878,0.0305,0.2452,94.0294,0.808122279512733,0.37,0.0021,0.23,100,664.9066,12.5758,4.731,2.4438,0.34,88.29,1.31,1.2,1.31,0,1688.14635539279,1364.41495917848,1326.83479961736,13.6202739615077,7.50488392821245,-11.8326098748715,18.2651123074,145.3025,862,5.71,38.76,162.12,1.04,9.88,90.01,403818,6.13228775906876E-06,8.5147,708.2393,14.3,96,11.37,40,0.05,2.8,0.0018,6,0.15,0.15,0.005,0.51,55,0.359,7.42
PrimeRef_5108,MA,2023,PrimeRef_5108,PrimeRef_5108_QC,8/3/2023,Green River,42.71614182,-72.66956043,10295108,58f,58,Ref,1.5759,96.9237,46.8892,241.6133,1.4936,11.8095,8.684,5.9935,50.7736,2.8381,0.0594,0.1335,1.878,0.0305,0.2452,94.0294,0.808122279512733,0.37,0.0021,0.23,100,664.9066,12.5758,4.731,2.4438,0.34,88.29,1.31,1.2,1.31,0,1688.14635539279,1364.41495917848,1326.83479961736,13.6202739615077,7.50488392821245,-11.8326098748715,18.2651123074,145.3025,862,5.71,38.76,162.12,1.04,9.88,90.01,403818,6.13228775906876E-06,8.5147,708.2393,15.8,96,11.13,31,0.05,2.8,3E-04,7,0.372,0.37,0.005,0.29,42,0.064,7.44
PrimeRef_5122,MA,2023,PrimeRef_5122,PrimeRef_5122,8/4/2023,Houghton Brook,42.63407278,-72.74033202,10295122,58f,58,BestRef,2.8719,2.8719,45.8963,368.5743,1.2769,13.0334,1.1964,6.4584,64.0854,2.4585,0.0475,0.1305,2.3433,0.0304,0.1989,111.7046,0.844679188460327,0.28,4E-04,0.2567,89.69,655.3084,12.3847,4.6612,2.4095,0.43,96.24,0.22,1.82,0.22,0,2751.71830016868,2179.22850970371,1296.75386841742,12.9485055519273,7.17127447702914,-11.5961456791915,16.2955335576,156.6751,862,5.73,41.0523,140.4,0.64,7.69,91.06,403818,1.9607934565895E-06,1.4601,679.3736,15.7,101,9.56,30.4,0.12,1.1,6E-04,5,0.15,0.15,0.005,0.38,36,0.116,6.83
OverRef_5132,MA,2023,OverRef_5132,OverRef_5132,8/4/2023,Chickley River,42.609932,-72.928931,10295132,58c,58,Ref,5.4675,49.473,46.9862,369.1132,2.3058,14.2851,4.9798,7.2826,59.0763,3.1487,0.0383,0.1516,1.7921,0.0371,0.2955,119.8732,0.781126644574862,0.5,0.0055,0.23,100,659.8228,12.5575,4.7112,2.4233,0.89,91.71,2.57,1.02,2.57,0,6342.21264970822,5141.84912030818,1264.41238866008,12.8488772517037,7.07327799196708,-11.6370864464691,17.64985226355,167.02,862,5.71,38.76,162.12,1.04,9.88,90.01,403818,5.67087098663949E-05,21.6277,670.2181,17.3,68.7,9.49,6.2,0.05,5.6,0.0013,13,0.15,0.15,0.005,0.39,14,0.255,6.28
PrimeStrs_0195,MA,2023,PrimeStrs_0195,PrimeStrs_0195,8/4/2023,Paull Brook,42.70321,-73.176559,22290195,58b,58,HighStrs,4.9266,8.5122,48.5446,297.0444,0.414,4.3268,23.5275,2.6679,26.3063,3.7201,0.0759,0.0914,0.8925,0.0187,0.1132,115.2069,0.389571811691484,4.44,0.0893,0.2729,14.14,663.4281,12.7846,4.7811,2.4471,8.46,53.54,26.35,4.28,23.24,3.11,8964.75718733211,8762.93669816187,1158.12557835038,13.2569786780234,7.51720620655828,-11.5946476437706,15.785104392075,232.3358,714,10.3341,35.5042,131.7934,2.7837,6.0488,121.2558,410926,6.39405142104515E-05,103.9667,731.0588,18,215,10.18,97,0.24,2.7,0.0034,70,0.493,0.73,0.082,43,90,0.697,7.12
PrimeStrs_0213,MA,2023,PrimeStrs_0213,PrimeStrs_0213,8/4/2023,Green River,42.670541,-73.234217,22290213,58b,58,Strs,4.563,82.2249,47.946,286.4691,0.3754,3.5301,26.352,2.3052,22.2028,2.9202,0.0836,0.0916,0.8798,0.0116,0.1244,110.3412,0.376853743714927,3.03,0.1186,0.2794,26.15,620.8919,11.9564,4.4783,2.2974,5.11,43.53,37.05,0.55,35.33,1.72,6177.77384677438,5264.45301886125,1133.927880714,13.326479343925,7.52153911646943,-11.7357396231164,17.269137746825,209.3476,714,11.901,34.3354,121.5171,3.3443,4.7506,131.8436,410926,8.10917572130779E-05,139.3868,746.1886,16.1,180,11.15,61.6,0.17,9.9,0.0041,20,0.447,0.62,0.025,7.5,76,0.832,7.31
PrimeStrs_0213,MA,2023,PrimeStrs_0213,PrimeStrs_0213_QC,8/4/2023,Green River,42.670541,-73.234217,22290213,58b,58,Strs,4.563,82.2249,47.946,286.4691,0.3754,3.5301,26.352,2.3052,22.2028,2.9202,0.0836,0.0916,0.8798,0.0116,0.1244,110.3412,0.376853743714927,3.03,0.1186,0.2794,26.15,620.8919,11.9564,4.4783,2.2974,5.11,43.53,37.05,0.55,35.33,1.72,6177.77384677438,5264.45301886125,1133.927880714,13.326479343925,7.52153911646943,-11.7357396231164,17.269137746825,209.3476,714,11.901,34.3354,121.5171,3.3443,4.7506,131.8436,410926,8.10917572130779E-05,139.3868,746.1886,17,185,11.3,65,0.17,10,0.0045,26,0.15,0.46,0.022,7,89,0.905,7.33
PrimeRef_0231,MA,2023,PrimeRef_0231,PrimeRef_0231,8/4/2023,Green River,42.62867059,-73.22503856,22290231,58a,58,Ref,11.9016,39.3336,47.0055,500.4512,0.9921,11.5944,6.5992,5.4885,53.8257,2.5276,0.0457,0.1183,2.6983,0.042,0.0673,100.7266,0.734925622647895,0.8,0.014,0.247,100,678.2527,13.0226,4.8802,2.5056,1.5,88.11,4.78,1.74,4.14,0.64,13487.2252526452,10775.9874846609,1277.57305334997,12.2858823816546,6.79471714638536,-11.8360859260436,16.51364048775,226.1871,714,7.7587,36.2649,154.7965,1.3831,8.5715,95.8705,410926,2.28825303753427E-05,16.99,669.4524,15.7,223,11.17,78,0.19,14,0.0019,14,0.15,0.46,0.011,2,98,0.392,7.14
PrimeRef_0641,MA,2023,PrimeRef_0641,PrimeRef_0641,8/1/2023,Gravelly Brook,42.6603635,-70.9032051,5860641,59f,59,SubRef,5.8005,5.8005,55.0304,22.6702,3.1346,15.1287,6.5249,7.9621,56.7431,4.0255,0.0357,0.2362,1.8632,0.0138,0.4706,135.3391,0.818363831775105,3.85,0.002,0.1985,0,589.1509,10.6736,3.9798,2.0266,7.52,47.71,0.78,40.25,0.78,0,11768.8664778561,11294.1189175754,1257.16582910008,14.8008772007292,9.42747601788984,-7.72159809847944,17.858878609475,14.7386,509,4.4125,58.3923,105.102,0.8741,18.6853,142.6462,2004387,2.08843846947338E-05,77.6195,819.2729,20.5,75,4.92,30,0.05,28,3E-04,240,0.905,0.9,0.034,3.1,120,0.059,6.42
PrimeRef_0641,MA,2023,PrimeRef_0641,PrimeRef_0641_QC,8/1/2023,Gravelly Brook,42.6603635,-70.9032051,5860641,59f,59,SubRef,5.8005,5.8005,55.0304,22.6702,3.1346,15.1287,6.5249,7.9621,56.7431,4.0255,0.0357,0.2362,1.8632,0.0138,0.4706,135.3391,0.818363831775105,3.85,0.002,0.1985,0,589.1509,10.6736,3.9798,2.0266,7.52,47.71,0.78,40.25,0.78,0,11768.8664778561,11294.1189175754,1257.16582910008,14.8008772007292,9.42747601788984,-7.72159809847944,17.858878609475,14.7386,509,4.4125,58.3923,105.102,0.8741,18.6853,142.6462,2004387,2.08843846947338E-05,77.6195,819.2729,,,,36.8,0.05,28,3E-04,220,0.886,0.89,0.026,2.8,130,0.057,6.29
OverStrs_6719,MA,2023,OverStrs_6719,OverStrs_6719,8/1/2023,Pecunit Brook,42.189057,-71.144304,5866719,59c,59,Strs,3.0411,3.0411,56,32.7839,1.204,10.1714,1.0929,2.9886,71.3276,1.1686,0.0913,0.1291,2.0377,0.0203,0.0569,93.7264,0.596103347096352,25.14,0,0.18,0,581.5921,10.4875,3.9253,2.0103,44.37,11.22,0.18,12.19,0.18,0,12487.0390941903,12225.6740305578,1284.42536540101,15.7041605178751,9.94149193252442,-7.53459600133175,18.636497456575,3.9467,509,2.35,71.6592,136.77,0.9599,32.24,146.05,2004387,0,0,824.2069,22.1,430,7.25,29.4,0.32,96,0.0025,120,0.447,0.77,0.07,4.2,240,0.441,6.58
PrimeStrs_5477,MA,2023,PrimeStrs_5477,PrimeStrs_5477,8/2/2023,Unnamed Tributary,42.633273,-71.906434,6075477,58g,58,Strs,5.3145,12.0051,49.8356,344.2221,1.1775,14.5004,0.98,7.095,59.645,2.755,0.0525,0.135,2.9675,0.0504,0.1369,71.8914,0.564188771914702,6.71,0.0136,0.23,0.05,653.635,12.1271,4.5976,2.4027,12.99,67.13,4.23,4.81,4.23,0,9944.96538413241,9838.98848489766,1256.47686650804,13.1843654647079,7.45577477722269,-10.9695172911431,18.431011813575,91.6624,505.3268,6.21,42.19,96.6,2.22,4.04,130.17,593796.597,5.45319058602511E-05,197.6682,752.2432,18.5,150,8.91,9.4,0.15,24,0.0016,44,2.51,2.7,0.011,1.6,55,0.327,6.62
PrimeStrs_5799,MA,2023,PrimeStrs_5799,PrimeStrs_5799,7/31/2023,Smith Brook,42.525246,-71.890493,6075799,58g,58,Strs,1.8459,5.5971,51,300.8397,1.6783,14.4954,1.769,6.5405,61.4897,2.4846,0.0473,0.1375,2.7926,0.0422,0.1569,88.8448,0.577918040686001,3.84,0.0301,0.2263,63.29,658.3814,12.226,4.621,2.4043,7.7,63.63,5.12,10.87,5.12,0,3350.75556202631,3098.36030081873,1240.19133970746,13.569547868942,8.07687705997075,-10.6354949054608,18.801885449175,108.0699,494,6.355,44.3019,82.3335,1.2955,4.8722,135.9258,594044,2.42398586713975E-05,249.6921,791.6875,19.3,234,7.42,9,0.11,52,0.001,44,0.34,0.45,0.005,1,110,0.184,6.18
OverStrs_6089,MA,2023,OverStrs_6089,OverStrs_6089,8/2/2023,Monoosnoc Brook,42.5301171,-71.7527373,6076089,59h,59,HighStrs,1.4409,29.4471,52.0687,110.1323,2.2759,14.2075,4.36,6.645,60.4379,2.6575,0.04,0.15,1.98,0.0402,0.2988,110.3559,0.394296402598502,64.44,0.0012,0.1633,0,619.8155,11.4893,4.3312,2.2441,88.31,5.06,0.5,0.19,0.5,0,11568.7198843613,14050.7324308683,1175.85769689569,15.1477823341037,9.15006888769519,-10.1874453737039,19.111149596725,71.6521,494,4.5036,55.1369,103.261,0.668,18.1045,107.8048,594044,1.99216147173615E-06,24.9253,860.9638,22.3,278,8.76,16,0.17,47,0.0021,32,0.328,0.5,0.005,1.1,120,0.43,7.01
PrimeRef_6221,MA,2023,PrimeRef_6221,PrimeRef_6221,8/3/2023,Middle Branch Westfield River,42.29799,-72.90028,6096221,58e,58,Ref,0.3726,126.7785,44,210.2274,1.2431,12.0397,1.1818,5.8893,66.6957,2.1583,0.0387,0.1243,2.1316,0.0234,0.1654,141.2709,0.880965986484564,0.05,0,0.2215,100,744.2936,13.9224,5.2516,2.7236,0,88.16,2.66,7.97,2.66,0,379.573831026873,302.448358060306,1231.3729304058,14.4922004206763,8.14156841195652,-11.8845407697826,20.129611776775,145.6493,711,6.44,45.503,73.97,0.79,5.36,139.3,561412,0,0,729.2222,19.3,85,9.65,17.8,0.05,5.5,0.0015,13,0.344,0.34,0.005,0.42,28,0.3,7.06
PrimeStrs_8803,MA,2023,PrimeStrs_8803,PrimeStrs_8803,8/6/2023,West Branch Westfield River,42.332167,-73.074457,6098803,58b,58,SomeStrs,4.5603,60.0759,43.09,430.713,2.4087,13.8391,2.4396,5.1666,67.328,1.7877,0.0311,0.1301,2.678,0.0089,0.1643,133.2324,0.806636814133276,0.59,0.0036,0.23,100,751.8628,14.1249,5.3243,2.758,0.99,89.38,1.22,4.15,1.22,0,5361.46931937271,4292.04391249597,1289.67402295046,12.9021514367871,7.11090755133215,-11.2940791880797,18.666700732125,135.5418,711,5.8515,39.7557,143.5773,1.3763,8.2272,101.3756,561412,2.29673991046478E-06,4.4927,721.4969,18.2,195.1,9.5,34.2,0.05,22,0.0045,22,0.15,0.15,0.005,0.76,86,0.847,7.52
PrimeRef_5399,MA,2023,PrimeRef_5399,PrimeRef_5399,8/5/2023,Hubbard River,42.0638035,-72.96601513,6105399,58d,58,Ref,2.7477,32.5989,45.8582,363.0748,0.6159,10.0081,1.1681,2.9057,69.8138,1.3424,0.0636,0.1239,2.5945,0.0702,0.0961,82.8632,0.87579034240471,0.09,0,0.2422,100,710.8834,13.2391,4.9844,2.5772,0.1,92.04,0,5.01,0,0,2894.38886678783,2336.33122703768,1307.74101553554,13.4388950499836,7.60263073907632,-11.5877828438585,18.52491582815,142.9948,697,6.0349,44.3666,141.8358,1.8651,9.2334,105.1802,690776,0,0,760.2185,17.9,45,9,3.6,0.05,5.1,0.0017,48,0.738,0.74,0.01,0.67,6.5,0.324,6.58
PrimeRef_6949,MA,2023,PrimeRef_6949,PrimeRef_6949,8/6/2023,West Branch Farmington River,42.25968084,-73.13270382,6106949,58d,58,BestRef,4.9689,4.9689,43.3264,503.9069,3.025,14.3582,2.2833,4.1509,69.0541,1.1913,0.019,0.1253,2.9369,0.0064,0.1032,140.6314,0.843185792549271,0.46,0,0.23,91.61,688.096,12.8827,4.8719,2.5356,0.88,85.15,0.04,8.75,0.04,0,5498.5345999458,4469.55629207521,1282.30140579605,12.2505868132041,7.01464111764173,-10.9405180112842,15.728308488125,141.9295,693.8919,5.7167,38.877,161.2418,1.0558,9.8017,90.5483,690463.7323,0,0,745.8906,16.1,54.7,9.52,9.2,0.12,3.2,0.0015,29,0.15,0.15,0.005,0.46,30,0.3,6.97
OverRef_6983,MA,2023,OverRef_6983,OverRef_6983,8/6/2023,Benton Brook,42.1860368,-73.10016196,6106983,58d,58,BestRef,8.1864,8.1864,42.694,482.1866,2.781,14.1608,2.7275,4.4479,67.847,1.3842,0.026,0.13,2.8458,0.0079,0.1589,132.0485,0.841203860530405,0.56,6E-04,0.23,99.93,687.1709,12.8396,4.8564,2.5283,0.92,78.34,0.05,14.2,0.05,0,9036.92573475444,7399.88185978069,1283.12200666227,12.3181073151935,7.01264156505057,-11.233036433927,16.91373944655,137.1376,694.7111,6.21,42.1621,96.6,2.22,4.04,130.17,690672.6161,0,0,745.0475,18.4,71.2,9.07,22,0.05,3.8,0.0024,48,0.966,0.97,0.005,1.1,46,0.379,7.16
PrimeStrs_7023,MA,2023,PrimeStrs_7023,PrimeStrs_7023,8/5/2023,Unnamed Tributary,42.122699,-73.14995,6107023,58d,58,SomeStrs,3.8727,7.5672,45,481.5841,2.0549,13.902,1.9428,5.0556,67.8239,1.571,0.0503,0.1404,2.9953,0.0149,0.3999,100.5255,0.805306652269058,0.65,0.0067,0.23,100,696.6904,12.997,4.9158,2.5589,1.14,83.94,2.74,5.67,2.74,0,4202.56179470014,3378.21802584385,1298.366464297,12.4854193301185,7.64967036541947,-11.3105972829886,17.21315704635,134.5779,696.8884,6.21,42.19,96.6,2.22,4.04,130.17,690703.1531,4.46353719027845E-06,10.3508,787.165,20,8.58,8.58,24.4,0.14,6.7,0.0018,23,0.489,0.63,0.005,0.97,50,0.325,6.98
PrimeStrs_7147,MA,2023,PrimeStrs_7147,PrimeStrs_7147,8/5/2023,West Branch Farmington River,42.070446,-73.061886,6107147,58d,58,SomeStrs,9.027,246.3444,44.3426,377.0776,3.1267,14.3268,3.4133,4.6566,66.6597,1.6847,0.0182,0.1304,2.6169,0.0117,0.4783,152.5295,0.80285443221187,0.43,0.0067,0.23,67.56,710.3412,13.2159,4.9977,2.601,0.89,87.57,2.32,4.43,2.32,0,10240.6843826402,8291.1511290844,1298.33422386839,13.4266712928215,7.70039820272183,-11.4979561238285,21.0045159656,136.994,697,6.0327,40.9477,119.8292,1.8095,6.1105,115.9318,690776,2.41611438128274E-05,38.8994,728.5183,20.8,130,9.44,16.2,0.05,19,0.0019,36,3,3,0.005,1.1,68,0.295,7.01
PrimeRef_6366,MA,2023,PrimeRef_6366,PrimeRef_6366,8/1/2023,Tinkerville Brook,42.0170032,-71.7207131,6116366,59c,59,Ref,4.1778,13.9194,51.9834,164.904,3.1329,14.5333,4.1889,5.5876,64.71,2.499,0.0222,0.121,2.8038,0.003,0.0082,175.5256,0.790890536002649,1.16,0.0078,0.2331,96.85,626.2503,11.6358,4.3709,2.2511,2.22,79.58,2.52,7.99,2.52,0,6649.93886504457,6104.23732835075,1259.44896706161,14.811624788087,9.29779424610082,-9.44073661572598,20.35127070005,94.3218,700,6.1578,48.1696,114.8788,2.9556,10.1242,135.0101,776153,2.85997145910859E-05,127.6161,821.5358,20.1,67,9.38,1,0.05,11,0.001,90,0.838,0.84,0.005,0.88,46,0.194,5.9
OverStrs_3709,MA,2023,OverStrs_3709,OverStrs_3709,8/1/2023,Matfield River,42.0311824,-70.9706239,6123709,59e,59,HighStrs,0.8865,79.9416,53,17.9138,1.0791,8.7641,1.4054,2.9556,64.0112,1.3013,0.2169,0.1263,1.6136,0.1243,0.1677,78.6861,0.402065917874009,13.45,0.0309,0.18,0,567.4448,10.041,3.7489,1.9123,26.8,28.22,15.13,15.23,4.67,10.46,4034.84832741212,4380.54368685492,1270.36732704569,15.8143016950254,9.97203441368528,-7.30000019073097,21.140290440225,13.974,668,2.35,72.09,136.77,0.96,32.24,146.05,1206491,0.000419110211247469,234.584,853.0579,20.9,640,7.64,51,1,110,0.0025,48,0.639,1.6,0.047,0.73,290,0.51,6.84
PrimeRef_4837,MA,2023,PrimeRef_4837,PrimeRef_4837,8/1/2023,Rocky Brook,42.02502953,-71.79449349,6144837,59c,59,BestRef,3.3201,4.8735,52,211.8808,3.5388,14.2844,1.3942,1.9991,72.2868,0.453,0.0299,0.1001,4.4825,0.0035,2E-04,188.4987,0.80564090125784,0.96,0.0042,0.1957,99.35,644.6729,11.9992,4.5093,2.3238,2.03,83.98,0.81,9.47,0.81,0,4820.15797696505,4392.85937007111,1231.11980918135,14.3740178671998,9.04217556183248,-9.91087008750339,18.69378806115,91.453,689,5.7044,51.8444,109.3037,1.3107,12.0601,128.2888,393485.7601,1.34777272498227E-05,76.6231,787.5102,16.7,43,7.78,1,0.05,5.6,8E-04,15,1,1,0.005,0.22,6.5,0.172,5.2
PrimeRef_6965,MA,2023,PrimeRef_6965,PrimeRef_6965,8/2/2023,Hamant Brook,42.0891252,-72.097519,6146965,59b,59,SubRef,2.2626,6.8265,53,225.8035,1.9172,14.8229,3.474,7.318,61.4019,3.0737,0.0616,0.1541,2.3224,0.0353,0.1937,98.962,0.69313416558714,4.25,0.0043,0.22,83.49,667.0422,12.4291,4.6823,2.4227,8.59,76.37,2.15,10.3,2.15,0,3396.97588278098,3032.01220604551,1288.81256021082,14.2300525936754,8.7896703190533,-10.0424822558473,18.056669335725,99.2047,689,5.8006,51.442,83.7872,0.8167,9.562,140.3552,393382,7.42171677659268E-06,64.8157,768.2566,19,303,9.5,20,0.19,71,0.0072,140,3,3.2,0.016,3.4,160,1.29,7.17
OverRef_7631,MA,2023,OverRef_7631,OverRef_7631,8/2/2023,Stevens Brook,42.0580156,-72.18483273,6147631,59b,59,Ref,9.3429,9.3429,52.8194,301.8062,2.0521,14.955,4.1591,7.5524,61.0735,3.2982,0.0624,0.1598,2.1864,0.031,0.1743,110.0888,0.766982200815742,0.45,0.0084,0.2002,100,668.9284,12.4593,4.6942,2.4293,0.75,80.35,3.42,9,2.4,1.02,13658.3765556435,12279.9131304008,1284.87035965707,13.6274335240343,8.61725398821886,-9.77167896753685,17.50109968895,29.5302,688.5334,5.6787,48.6095,131.6789,1.4113,10.9742,129.7542,393382.5125,9.61762088067641E-05,137.6568,745.1664,17,76,10.18,8,0.05,12,0.0034,140,0.453,0.45,0.019,7.3,60,0.588,6.92
PrimeStrs_5968,MA,2023,PrimeStrs_5968,PrimeStrs_5968,8/6/2023,Unnamed Tributary,42.538694,-73.333349,6185968,58a,58,SomeStrs,25.7427,50.8248,45.4821,405.8691,1.048,10.6464,9.6267,5.0496,49.7987,2.6334,0.0546,0.1154,2.3881,0.0434,0.0659,103.0551,0.656285713237146,1.65,0.0482,0.2897,43.28,660.7147,12.5649,4.7314,2.4466,3.22,74.76,15.34,3.28,12.93,2.41,25769.7771420573,20312.0329222241,1199.53962529455,12.8684033347201,7.12669900160822,-11.9198232142782,18.22195927335,159.5907,396.5519,12.9882,29.9932,142.0922,1.6966,7.3506,107.2843,522890.4406,0.000244289462074289,42.8258,738.9712,14.4,213,10.23,56.2,0.56,23,0.0029,6,0.503,1.1,0.005,0.51,100,0.593,7.32
PrimeRef_5994,MA,2023,PrimeRef_5994,PrimeRef_5994,8/6/2023,Unnamed Tributary,42.510998,-73.345406,6185994,58a,58,SubRef,7.6689,7.6689,46.0929,434.2415,1.1793,12.1796,6.1922,5.5325,55.2416,2.4164,0.0448,0.119,2.9808,0.0464,0.0571,99.5407,0.715093259163018,0.63,0.0229,0.3089,56.58,667.6614,12.6632,4.7717,2.47,1.09,89.14,5.24,0.98,4.85,0.39,7309.82136597459,5694.66895073329,1219.82806582561,12.7059777582443,6.95082096650628,-11.6621993386926,16.772769332625,163.2508,399.277,15.01,23.3034,153.55,0.91,5.51,84.39,522929.5694,3.31481541807555E-05,16.6805,715.5907,15.5,177,9.84,81.2,0.05,2.9,0.0031,2.5,0.32,0.32,0.005,1.1,88,0.632,7.54
PrimeRef_8752,MA,2023,PrimeRef_8752,PrimeRef_8752,8/5/2023,City Brook,42.09527631,-73.46534019,6188752,58a,58,BestRef,1.9539,9.6903,47.4993,469.7721,1.0357,12.6385,7.6449,6.2192,52.1957,2.4743,0.0523,0.1272,2.5917,0.0468,0.1212,76.3177,0.833699305499816,0.64,0.0027,0.31,100,745.7325,13.9714,5.2943,2.7629,1.34,90.56,0.32,3.64,0.32,0,2216.20192991679,1772.49867948641,1258.43851845233,13.2095612240903,8.1726892801474,-11.2361583595578,16.976455548,185.8522,389,15.01,23.3,153.55,0.91,5.51,84.39,522856,6.48133212739784E-07,2.8874,706.6149,14.1,115.6,9.8,8,0.05,11,7E-04,11,0.15,0.15,0.005,0.77,48,0.144,6.59
PrimeRef_1131,MA,2023,PrimeRef_1131,PrimeRef_1131,8/3/2023,Unnamed Tributary,42.27841233,-72.50871853,6781131,59a,59,BestRef,3.2724,3.2724,51.4992,137.4243,0.8753,9.7257,1.8841,3.0745,69.9107,1.4484,0.0558,0.1356,2.2498,0.0419,0.1128,109.6898,0.797181832800478,0.38,0.0029,0.18,38.2,723.0349,13.4402,5.1101,2.6838,0.78,89.99,1.05,6.74,1.05,0,4496.67781051465,4113.9276898902,1180.59376930418,14.9936328566282,8.93783102937294,-10.0347633073432,17.0064381436,121.6259,616,6.2939,52.4097,152.8824,0.3683,17.3431,105.1909,385693,1.08696545193215E-05,5.0866,712.4362,14.9,177,8.65,59.2,0.05,1.3,0.0022,11,0.354,0.35,0.019,0.68,55,0.44,7.23
PrimeStrs_1863,MA,2023,PrimeStrs_1863,PrimeStrs_1863,8/3/2023,North Branch Manhan River,42.29977505,-72.74292555,6781863,58e,58,HighStrs,1.386,32.3487,47.5948,141.343,1.4559,11.8381,8.2467,5.9164,51.4242,2.752,0.059,0.1328,1.9504,0.0315,0.2395,93.3819,0.362900516125395,1.75,0.0806,0.2199,79.74,677.9776,12.6431,4.7841,2.4937,3.51,54.48,29.8,9.42,27.92,1.88,4133.40713395297,3915.9908038547,1199.52023466234,14.867595755,8.74156941623377,-10.8411035977273,19.13047214025,156.6622,616,6.44,45.6627,73.97,0.79,5.36,139.3,385693,0.000107936683566198,121.1688,813.6734,15.7,167,10.13,26,0.59,18,0.0095,14,0.424,1,0.005,0.56,54,1.92,7.01
PrimeStrs_8209,MA,2023,PrimeStrs_8209,PrimeStrs_8209,7/31/2023,East Branch Ware River,42.454408,-71.950516,7688209,58g,58,Strs,2.826,35.0919,51,293.2322,1.1878,14.5135,0.9964,7.0809,59.7603,2.7465,0.0532,0.1356,2.9649,0.0502,0.1392,71.8406,0.672511579852018,2.12,0.0161,0.22,0,646.0595,11.997,4.5424,2.3699,4.36,60.95,4.2,21.09,4.2,0,3871.38250974595,3407.98442978168,1213.03553536624,13.5901320919108,7.74388341585987,-11.3757004835032,18.457912632825,99.5721,469,6.44,45.66,73.97,0.79,5.36,139.3,439717,3.66909857975119E-05,241.4654,756.7761,20.4,70,7.71,4.4,0.05,11,9E-04,74,2.27,2.3,0.012,1.4,32,0.189,6.53
PrimeStrs_8209,MA,2023,PrimeStrs_8209,PrimeStrs_8209_QC,7/31/2023,East Branch Ware River,42.454408,-71.950516,7688209,58g,58,Strs,2.826,35.0919,51,293.2322,1.1878,14.5135,0.9964,7.0809,59.7603,2.7465,0.0532,0.1356,2.9649,0.0502,0.1392,71.8406,0.672511579852018,2.12,0.0161,0.22,0,646.0595,11.997,4.5424,2.3699,4.36,60.95,4.2,21.09,4.2,0,3871.38250974595,3407.98442978168,1213.03553536624,13.5901320919108,7.74388341585987,-11.3757004835032,18.457912632825,99.5721,469,6.44,45.66,73.97,0.79,5.36,139.3,439717,3.66909857975119E-05,241.4654,756.7761,,,,2.8,0.05,11,8E-04,70,0.43,0.43,0.027,1,38,0.161,6.24
PrimeRef_0065,MA,2023,PrimeRef_0065,PrimeRef_0065,8/2/2023,East Branch Swift River,42.44333962,-72.18730625,7690065,59b,59,Ref,1.9359,73.5624,48.8749,226.1599,2.5972,14.6704,2.5032,5.4261,65.9271,1.9618,0.0341,0.1339,2.7584,0.0206,0.0875,125.3006,0.830220399846402,0.38,6E-04,0.1956,83.03,699.7318,13.0019,4.9473,2.6014,0.56,90.01,0.33,3.02,0.33,0,2001.85558706691,1601.22062110337,1212.71815644816,14.0875367196188,7.99653857033938,-11.1678755319851,19.617585689025,100.5141,469,5.6243,51.4669,88.5845,1.1735,10.209,139.4463,439717,9.6580495127605E-07,9.276,729.7685,17.5,69,10.09,7,0.05,12,0.0014,68,0.384,0.38,0.012,0.93,14,0.276,6.72
PrimeStrs_9606,MA,2023,PrimeStrs_9606,PrimeStrs_9606,8/6/2023,Wahconah Falls Brook,42.484309,-73.148521,7709606,58b,58,Strs,0.4896,49.9185,46,354.5276,0.1307,0.6619,32.2446,1.1126,8.1647,8.3984,0.0781,0.0641,0.1597,0.031,0.1281,118.1349,0.5090254365858,14.34,0.0516,0.2705,4.96,685.6128,12.9968,4.8946,2.5317,28.67,33.63,13.79,18.2,13.79,0,1945.7831707155,2262.57012467892,1217.9345613364,13.3192538829412,7.26021209534926,-12.2198528314338,18.228740074825,149.3082,667,8.178,45.598,118.5586,5.4329,24.2804,146.5562,612411,3.59516556882615E-06,61.8602,879.4908,19.4,252,9.7,65.2,0.12,30,0.0125,27,0.34,0.46,0.059,0.44,140,2.49,7.64
PrimeStrs_9666,MA,2023,PrimeStrs_9666,PrimeStrs_9666,8/5/2023,Southwest Branch Housatonic River,42.43989713,-73.29401043,7709666,58b,58,HighStrs,0.3339,52.5717,45.1456,317.6596,0.15,0.9,33.2,1.3557,11.15,2.735,0.1,0.085,0.15,6E-04,0.1476,108.6189,0.397342857744287,27.51,0.0657,0.28,100,653.7024,12.3528,4.6612,2.4179,48.24,16.18,7.55,6.47,7.55,0,1250.65888817949,1363.21495662729,1115.06032313477,13.5860697136927,7.55751426393531,-12,18.974325012925,134.0895,667,12.3,34.02,118.9,3.48,4.42,134.54,612411,1.23195343919879E-06,28.4568,784.6173,21.5,436,8.93,120,0.15,25,0.0039,22,3.81,4,0.016,1.9,150,0.787,7.77
PrimeRef_9756,MA,2023,PrimeRef_9756,PrimeRef_9756,8/6/2023,Furnace Brook,42.368004,-73.380574,7709756,58b,58,SubRef,13.6854,15.2883,44.0235,359.7357,0.4865,5.0116,23.5081,2.9284,27.119,2.664,0.0788,0.0977,1.1479,0.0173,0.1188,104.7689,0.705243478767586,1.49,0.0379,0.2918,95.93,666.3446,12.5538,4.7448,2.467,2.9,72,8.02,10.74,8.02,0,16413.9662396666,14106.2327653912,1175.91492462844,13.2976215231488,7.26019415119032,-11.6454360587268,17.637838311375,132.9791,649.9609,13.0188,31.1863,128.09,2.7984,4.7091,121.239,612399.2211,8.61272215181738E-05,35.1059,751.7567,14.2,402,10.3,180,0.14,13,0.0034,2.5,0.323,0.46,0.005,0.37,250,0.682,7.88
PrimeStrs_0204,MA,2023,PrimeStrs_0204,PrimeStrs_0204,8/5/2023,Unnamed Tributary,42.213175,-73.391263,7710204,58b,58,Strs,22.4532,40.7556,46.8088,312.3433,0.5311,5.6585,21.3656,3.2653,28.5439,4.4263,0.0734,0.0954,1.146,0.0279,0.1277,103.602,0.57858239123918,1.04,0.0632,0.2794,97.33,671.7824,12.6196,4.7747,2.4863,2.05,68.5,16.26,8.13,15.56,0.7,26779.8922442331,22897.696125923,1149.1336809604,13.8135039122174,7.79246822342472,-11.4026093605099,19.113997083175,141.2419,667,11.295,33.8912,131.0793,2.7533,5.9706,120.5334,612411,0.000207817054322534,73.5671,741.5885,18.6,388,9.49,109,0.44,14,0.0049,2.5,6.57,7,0.011,0.68,150,0.985,7.52
PrimeRef_0236,MA,2023,PrimeRef_0236,PrimeRef_0236,8/5/2023,Unnamed Tributary,42.05003318,-73.42610577,7710236,58a,58,BestRef,9.0828,9.0828,47.4874,527.3018,0.4077,4.3267,25.1105,2.8047,23.3726,2.8363,0.0871,0.0974,0.8692,0.0134,0.147,99.2016,0.799502372654009,0.16,0.0053,0.3076,92.51,758.3852,14.2006,5.3805,2.8073,0.26,92.05,1.03,4.91,1.03,0,10165.2619179229,8111.16366576847,1268.54632676377,13.0504780519223,7.75575042956797,-11.3141695450852,17.65257918085,180.4427,650.9128,14.1589,26.6846,150.0641,1.4564,7.5329,92.2503,612180.2796,6.73836786221823E-06,9.5019,699.852,14.9,33.6,9.85,2,0.05,1.4,6E-04,17,0.15,0.15,0.005,0.65,6.5,0.128,6.34
PrimeStrs_0238,MA,2023,PrimeStrs_0238,PrimeStrs_0238,8/5/2023,Whiting River,42.052793,-73.241032,7710238,58d,58,SomeStrs,6.8814,34.2198,47.9652,328.3112,1.701,11.3072,3.9116,4.3146,66.286,1.9529,0.0197,0.1165,1.9343,0.008,0.1087,174.8149,0.734937972663,0.6,0.0199,0.2436,100,712.2891,13.2771,5.0272,2.6208,0.85,78.4,6.71,6.91,5.65,1.06,8104.22532007958,6770.5009710605,1209.31882619932,13.6400407610515,7.86398917881245,-10.9416032300157,18.69267780835,145.9666,667,5.9767,42.4493,145.9695,1.7854,10.0937,109.11,612411,1.98923769967301E-05,24.2802,732.0524,20.6,102,8.55,36,0.1,5.4,0.002,38,0.434,0.53,0.011,1.5,51,0.402,7.03
PrimeStrs_3361,MA,2023,PrimeStrs_3361,PrimeStrs_3361,8/2/2023,Millers River,42.677886,-72.061585,9343361,58g,58,Strs,4.5675,143.9109,47.997,286.3423,1.6431,14.9085,2.8739,7.5859,60.9254,3.1998,0.0672,0.153,2.4765,0.0395,0.1729,88.7489,0.601923097524613,8.48,0.0063,0.2061,23.15,650.7462,12.0977,4.5906,2.4025,17.3,57.2,2.98,11.8,2.98,0,8554.48546033062,8569.75261836576,1195.42715230936,13.522699730601,7.45843977668966,-12.7135172142069,20.098298891125,46.2136,641,3.5783,59.9394,105.3691,5.9354,12.2228,146.2725,301861,2.58007320148424E-05,103.5311,821.4638,22.2,157,8.44,1,0.05,28,0.0028,130,0.15,0.15,0.025,3.2,66,0.569,6.27
MA9628b090622,MA,2022,PrimeStrs_9628,PrimeStrs_9628,9/6/2022,Onota Brook,42.46609887,-73.25488434,7709628,58b,58,HighStrs,1.683,29.7279,46,324.9139,0.15,0.9,33.2,1.3557,11.15,2.735,0.1,0.085,0.15,0.0006,0.1476,108.6189,0.386775263,23.09,0.0386,0.27,91.71,646.169,12.2275,4.6105,2.389,41.24,19.89,6.84,2.78,6.84,0,7391.01657,8543.72514,1134.553224,13.53566881,7.500521866,-12.03930492,17.91122193,120.0968,667,7.35,52.3744,118.49,5.75,28.27,148.97,612411,6.89E-06,32.11,840.7455,19.2,0.254,8.1,85.8,0.18,16,0.003,16,0.415,0.6,0.017,2.4,110,0.64,8.13
MA208b090722,MA,2022,PrimeRef_0208,PrimeRef_0208,9/7/2022,West Brook,42.24787164,-73.28014542,7710208,58d,58,BestRef,12.8367,12.8367,45.8339,521.7996,2.7456,14.1271,3.2621,5.5192,66.1293,2.0994,0.0212,0.1288,2.4712,0.0063,0.11,147.618,0.815645721,0.12,0.0003,0.2304,100,669.1029,12.542,4.7437,2.4692,0.12,90.78,0.02,5.17,0.02,0,13860.65012,11556.05579,1300.663039,12.30747972,6.921666772,-11.43239152,17.17512378,157.15,667,5.8687,39.8162,141.3289,1.4202,8.0268,102.7538,612411,5.94E-07,0.4164,713.3639,16.8,0.057,8,14,0.05,1.3,0.001,52,0.522,0.52,0.022,2.1,48,0.138,6.45
MA0208QCb090722,MA,2022,PrimeRef_0208,PrimeRef_0208_QC,9/7/2022,West Brook,42.24787164,-73.28014542,7710208,58d,58,BestRef,12.8367,12.8367,45.8339,521.7996,2.7456,14.1271,3.2621,5.5192,66.1293,2.0994,0.0212,0.1288,2.4712,0.0063,0.11,147.618,0.815645721,0.12,0.0003,0.2304,100,669.1029,12.542,4.7437,2.4692,0.12,90.78,0.02,5.17,0.02,0,13860.65012,11556.05579,1300.663039,12.30747972,6.921666772,-11.43239152,17.17512378,157.15,667,5.8687,39.8162,141.3289,1.4202,8.0268,102.7538,612411,5.94E-07,0.4164,713.3639,16.9,0.057,8.7,13.4,0.05,1.4,0.002,50,0.447,0.45,0.022,1.9,47,0.332,6.86
MA5379b090722,MA,2022,PrimeRef_5379,PrimeRef_5379,9/7/2022,Valley Brook,42.08197453,-72.9096246,6105379,58e,58,BestRef,7.2927,7.2927,45.7232,362.9747,1.4849,12.5323,2.7128,5.102,65.0952,2.1431,0.0549,0.1389,2.3585,0.0494,0.177,96.6135,0.817753487,0.22,0.0023,0.26,100,716.4805,13.3443,5.0261,2.6005,0.37,93.15,0.87,2.54,0.77,0.1,8014.494971,6536.844497,1325.212103,13.52530619,7.629512792,-11.59476773,17.33741643,134.4442,699.3826,5.73,41,140.4,0.64,7.69,91.06,690281.0865,2.14E-05,51.5762,730.1491,15.7,0.046,8.5,6.7,0.05,1.4,0.001,27,0.15,0.15,0.01,0.86,29,0.195,6.5
MA363b090822,MA,2022,PrimeRef_0363,PrimeRef_0363,9/8/2022,Broad Brook,42.73553196,-73.20485698,22290363,58b,58,BestRef,26.8353,26.8353,48,548.7819,1.4016,8.978,6.1156,3.7328,61.6548,3.9379,0.0189,0.1008,1.6462,0.0125,0.0573,190.5806,0.796806972,0.67,0.0038,0.3456,76.52,655.9561,12.7244,4.744,2.4169,1.12,92.89,1.05,2.21,1.05,0,30817.94987,25825.24545,1280.415115,11.83959806,6.557064674,-11.6264413,16.56443705,201.0717,714,7.1323,37.0689,120.9892,1.8001,6.0612,122.9154,410926,1.5E-05,4.2105,708.1333,,,,62.4,0.16,5.4,0.005,13,0.15,0.15,0.005,0.1,72,0.943,
MA4614b090822,MA,2022,PrimeRef_4614,PrimeRef_4614,9/8/2022,Dunbar Brook,42.7045149,-72.95266602,10294614,58c,58,BestRef,1.6128,28.0449,45.4699,458.8494,1.5712,14.0376,2.8546,7.0835,60.5349,2.8982,0.0475,0.1417,2.3252,0.0356,0.2134,95.2279,0.879588089,0.33,0,0.23,100,701.362,13.4503,5.0403,2.5879,0.89,98.38,0,0.17,0,0,1773.82997,1380.940522,1319.350257,12.0757667,6.585263772,-11.93046861,16.87525082,183.1385,862,5.8043,39.3933,149.7619,1.2599,8.7785,97.5848,403818,0,0,671.5843,,,,6.8,0.05,5,0.001,17,0.15,0.15,0.005,0.1,14,0.135,
MA387b090822,MA,2022,PrimeStrs_0387,PrimeStrs_0387,9/8/2022,Dry Brook,42.60754542,-73.12540686,22290387,58b,58,Strs,24.0975,27.2718,46.0739,482.0214,1.3135,11.0754,8.7771,5.2908,53.0557,2.4185,0.0481,0.1197,2.0783,0.0249,0.1097,115.2377,0.572875924,2.08,0.0608,0.2547,100,669.4343,12.7563,4.7936,2.4715,4.2,65.86,20.14,5.18,19.93,0.21,31519.28728,27161.70524,1305.084071,12.25054579,6.789479732,-11.71635873,17.10313431,166.3205,713.2703,8.9738,37.82,119.3695,2.5946,5.3396,124.7089,411066.7911,0.000194891,73.0077,735.0579,,,,94.3,0.14,19,0.001,26,0.302,0.44,0.005,0.29,140,0.191,8
MA3479b090822,MA,2022,PrimeRef_3479,PrimeRef_3479,9/8/2022,Westfield River,42.51463153,-72.9929962,6093479,58c,58,BestRef,1.6218,35.6823,46.0577,523.3303,1.5588,13.9884,2.3023,6.9948,61.1096,2.8099,0.0501,0.1404,2.3492,0.0364,0.2389,94.5932,0.796687971,0.48,0.0042,0.23,100,712.041,13.4917,5.0688,2.6127,0.84,94.45,1,0.72,1,0,1751.202697,1376.909134,1330.679883,11.97654451,6.666296609,-11.54001111,17.42362621,136.1077,711,6.1326,41.547,106.7443,2.0268,4.9442,123.9521,561412,1E-06,5.6757,712.6421,,,,32.8,0.05,19,0.002,24,0.576,0.58,0.005,0.37,72,0.454,7.7
MA6009b090922,MA,2022,PrimeStrs_6009,PrimeStrs_6009,9/9/2022,Meadow Brook,42.46184905,-72.88943792,6096009,58c,58,Strs,3.2616,10.8963,45.8035,365.1481,1.2415,11.9334,1.1867,5.8274,66.9736,2.1258,0.0377,0.1237,2.1077,0.0227,0.1619,144.5012,0.520594141,1.6,0.0395,0.23,100,680.0781,12.7989,4.8231,2.4978,3.18,68.6,13.02,9.82,13.02,0,7115.223082,6449.860111,1227.106156,13.20006774,7.072656138,-11.58832815,17.07979966,125.4247,711,6.21,42.19,96.6,2.22,4.04,130.17,561412,9.97E-05,48.6649,755.915,,,,25.1,0.24,17,0.005,18,0.407,0.65,0.011,1,110,1.07,7.3
MA4990b090922,MA,2022,PrimeStrs_4990,PrimeStrs_4990,9/9/2022,South River,42.52224973,-72.7803288,10294990,58f,58,HighStrs,4.527,7.2621,47.0054,365.4988,1.4803,11.712,8.7876,5.868,50.635,2.7721,0.06,0.1331,1.8901,0.0305,0.2492,92.9762,0.386342289,2.73,0.0611,0.26,100,661.8825,12.4405,4.6933,2.435,5.37,66.75,19.48,2.41,19.48,0,9224.595041,8486.132888,1302.192344,13.03920402,7.153392581,-11.58099434,16.40943188,149.5416,862,5.7306,41.084,140.3472,0.6403,7.6881,91.0984,403818,0.000461205,218.7856,713.1334,,,,48.8,0.5,54,0.002,12,0.15,0.5,0.005,1.5,170,0.379,7.4
MA4990QCb090922,MA,2022,PrimeStrs_4990,PrimeStrs_4990_QC,9/9/2022,South River,42.52224973,-72.7803288,10294990,58f,58,HighStrs,4.527,7.2621,47.0054,365.4988,1.4803,11.712,8.7876,5.868,50.635,2.7721,0.06,0.1331,1.8901,0.0305,0.2492,92.9762,0.386342289,2.73,0.0611,0.26,100,661.8825,12.4405,4.6933,2.435,5.37,66.75,19.48,2.41,19.48,0,9224.595041,8486.132888,1302.192344,13.03920402,7.153392581,-11.58099434,16.40943188,149.5416,862,5.7306,41.084,140.3472,0.6403,7.6881,91.0984,403818,0.000461205,218.7856,713.1334,,,,49.1,0.51,59,0.002,11,0.15,0.51,0.01,1.1,140,0.35,7.4
MA1351b090922,MA,2022,PrimeRef_1351,PrimeRef_1351,9/9/2022,Unnamed Tributary,42.46890058,-72.38113392,7691351,58g,58,BestRef,5.3649,10.3896,47.5445,272.5265,2.3127,13.7133,6.0002,7.2776,59.3631,3.4453,0.032,0.1355,1.7788,0.0164,0.0596,149.9045,0.804222518,0.06,0.0008,0.19,78.95,772.4719,14.3583,5.4676,2.8784,0.12,97.66,0.2,1.48,0.2,0,5747.258353,4752.604225,1316.641692,13.72419526,7.715478907,-11.15076339,17.82241306,18.3928,469,4.99,55.7,99.95,1.45,13.98,139.56,439717,8.88E-06,3.5954,743.3607,,,,3.4,0.05,5.3,0.002,23,0.15,0.15,0.005,0.3,39,0.311,6.6
MA4427b091022,MA,2022,PrimeRef_4427,PrimeRef_4427,9/10/2022,Mine Brook,42.0622339,-71.84614989,6144427,59c,59,BestRef,2.0817,2.9241,52.0026,214.4028,3.54,14.2833,1.39,1.99,72.3,0.45,0.03,0.1,4.49,0.0034,0.0001,188.6766,0.83168738,0.61,0.0002,0.2007,30.44,657.6205,12.2424,4.6035,2.3748,1.51,94.47,0.09,2.9,0.09,0,3355.873148,3175.446737,1215.295678,14.33226366,9.00163052,-9.792606996,17.27989773,88.1611,689,6.5281,48.2809,117.2176,0.7931,10.0978,115.1433,394043.9473,4.82E-07,4.3132,771.5153,15.1,0.0213,10.6,1,0.05,2.5,0.002,2.5,0.15,0.15,0.005,0.1,44,0.503,6.05
MA6327b091022,MA,2022,PrimeStrs_6327,PrimeStrs_6327,9/10/2022,Kettle Brook,42.24010242,-71.879113,166196327,59b,59,HighStrs,0.9639,17.7741,53.1279,234.6711,2.2759,14.2075,4.36,6.645,60.4379,2.6575,0.04,0.15,1.98,0.0402,0.2988,110.3559,0.626994461,13.16,0,0.22,100,669.3221,12.4177,4.6845,2.4295,25.77,43.04,0.37,12.51,0.37,0,2905.718626,2959.38028,1228.691061,14.05303759,8.852309339,-9.740429315,18.38496729,93.0232,700,6.44,45.8002,73.97,0.79,5.36,139.3,776153,0,0,780.5612,18.1,0.269,10.2,24.7,0.1,61,0.001,26,0.365,0.46,0.016,1,170,0.269,6.88
MA5837b091022,MA,2022,PrimeStrs_5837,PrimeStrs_5837,9/10/2022,Fall Brook,42.51134515,-71.73723243,6075837,59h,59,HighStrs,4.194,19.359,53,128.4281,2.2759,14.2075,4.36,6.645,60.4379,2.6575,0.04,0.15,1.98,0.0402,0.2988,110.3559,0.477666427,43.13,0.0046,0.1956,19.12,621.8107,11.5235,4.3448,2.2518,67.96,13.82,0.9,6.85,0.79,0.11,19511.83117,22079.22744,1179.776369,15.02993866,9.102670299,-10.23487127,18.19648519,87.0027,494,3.6582,63.936,116.6793,0.9039,23.6426,143.5729,594044,1.17E-05,50.6666,789.1663,17.4,0.699,9.8,27.4,0.74,170,0.008,8,0.15,0.74,0.005,0.34,380,1.69,7.9
MA5537b091022,MA,2022,PrimeRef_5537,PrimeRef_5537,9/10/2022,Unnamed Tributary,42.65207092,-71.75957923,6075537,59h,59,BestRef,2.2311,2.2311,49.0633,187.215,3.6062,14.1858,1.2528,1.7498,72.4715,0.3924,0.0349,0.1025,4.1665,0.0062,0,176.9626,0.82279908,0.07,0.0002,0.2198,99.88,617.5087,11.4346,4.329,2.2572,0.12,93.83,0,4.76,0,0,3126.319005,2904.54179,1196.296241,14.46097983,8.566860528,-10.41137522,17.69357246,69.1486,494,6.44,45.6603,73.97,0.79,5.36,139.3,594044,1.16E-06,1.0774,762.6507,15.8,0.0904,8.5,2.1,0.05,2.1,0.002,37,0.15,0.15,0.005,0.2,37,0.338,5.97
MA7407b091122,MA,2022,PrimeStrs_7407,PrimeStrs_7407,9/11/2022,Rosemary Brook,42.3196947,-71.24615807,5867407,59d,59,HighStrs,1.6236,10.053,58,35.9908,1.9617,12.8694,5.3049,6.7256,60.4941,3.6988,0.0436,0.2285,1.4711,0.0167,0.1802,107.5313,0.578707339,29.98,0,0.16,2.38,578.1701,10.5326,3.947,2.0256,54.04,14.47,0,5.27,0,0,12836.32313,14904.78888,1231.322569,15.66396383,9.757323341,-7.944013357,19.03232715,7.1563,509,4.71,52.5,100.05,0.64,16.75,104.14,2004387,0,0,780.4496,20.3,0.759,8.1,46.2,0.13,180,0.003,35,0.482,0.61,0.046,1,390,0.649,6.59
MA3779b091122,MA,2022,PrimeStrs_3779,PrimeStrs_3779,9/11/2022,Mill River,42.19325396,-70.95954158,5863779,59c,59,HighStrs,4.3632,16.2747,51.8828,38.4859,3.5389,15.0795,2.9675,3.7526,67.1391,1.3424,0.0366,0.1416,3.8616,0.0041,0.0003,180.3828,0.500532895,41.09,0.0005,0.1892,47.59,572.6695,10.1586,3.7918,1.9335,64.7,10.73,0.04,10.97,0.04,0,33123.55102,37652.03789,1263.62222,15.45458408,10.26888966,-7.015841569,21.12549067,7.1684,509,4.9828,55.6172,99.9526,1.4266,14.0508,138.654,2004387,0,0,882.3084,19.3,0.492,7.4,17.7,0.18,99,0.002,260,0.753,0.93,0.047,2.6,290,0.286,6.65
MA6977b091122,MA,2022,PrimeStrs_6977,PrimeStrs_6977,9/11/2022,Charles River,42.11904581,-71.45397389,5866977,59c,59,HighStrs,0.1503,57.8538,57,62.8853,3.54,14.2833,1.39,1.99,72.3,0.45,0.03,0.1,4.49,0.0034,0.0001,188.6766,0.591556041,28.9,0,0.1895,0,612.5344,11.2282,4.2132,2.1665,48.51,30.54,0,13.77,0,0,552.1069308,576.8963447,1247.10219,15.7195556,9.693938181,-9.600000381,19.72422686,63.9494,509,4.99,56.4937,99.95,1.45,13.98,139.56,2004387,0,0,940.3114,20.8,0.628,6.6,35,0.74,130,0.007,68,0.845,1.6,0.04,1.8,330,1.08,6.43
MA5948b091122,MA,2022,OverRef_5948,OverRef_5948,9/11/2022,Unnamed Tributary,42.15023573,-71.61668857,6115948,59c,59,SomeStrs,3.4695,40.4208,53.9416,94.0901,3.54,14.2833,1.39,1.99,72.3,0.45,0.03,0.1,4.49,0.0034,0.0001,188.6766,0.655794652,5.63,0.0135,0.1886,36.08,624.3724,11.5326,4.3349,2.2352,10.42,57.8,2.57,22.23,2.57,0,7401.19293,7267.018169,1233.642945,15.43699788,9.499780503,-10.00451364,19.6486219,97.0198,700,3.1043,66.3383,125.1874,0.9306,27.2824,144.8051,776153,3.4E-05,185.4658,797.9977,20.5,0.455,6.5,29,0.23,89,0.003,32,0.532,0.76,0.016,1.4,240,0.575,6.28
MA6365b091222,MA,2022,OverStrs_6365,OverStrs_6365,9/12/2022,Horn Pond Brook,42.4611599,-71.149215,5866365,59d,59,HighStrs,2.7468,40.4433,54.8139,29.0436,3.0203,15.8607,7.7203,8.98,53.7566,4.7733,0.0547,0.2186,1.2503,0.0099,0.4574,193.3754,0.384118117,64.38,0.0014,0.1852,83.72,613.1938,11.1152,4.1606,2.1317,91.45,2.53,0,0,0,0,37977.02285,45894.24673,1268.617585,15.22602644,9.784422969,-7.868676402,19.76305588,6.7363,509,2.589,67.6133,133.0742,0.9342,30.6677,142.6716,2004387,1.21E-05,9.6267,828.1687,19.4,,17.5,99.4,1.2,300,0.006,13,0.42,1.6,0.018,0.94,620,1.24,7.11
MA2275b091222,MA,2022,OverRef_2275,OverRef_2275,9/12/2022,North Brook,42.392526,-71.660329,6772275,59h,59,SubRef,18.2133,21.1221,54.8299,136.8272,2.6031,13.9586,3.0521,4.9097,65.1749,2.0072,0.0326,0.1183,3.168,0.0165,0.0446,157.2182,0.694380667,4.7,0.0101,0.18,94.02,643.7343,11.9002,4.4814,2.318,9.06,66.21,3.61,14.09,3.56,0.05,37150.84632,37107.34293,1194.774372,14.93815833,9.198056649,-10.08288782,19.4100592,91.0021,585.3715,7.2,45.9699,127.1,0.77,8.09,103.16,906582.4976,0.00016992,170.898,782.5542,19.2,0.256,12.6,15.4,0.19,150,0.001,35,0.46,0.65,0.107,3.6,160,0.199,6.14
