#SampleID	State	Year	SiteAlias	dashedName	SampleID2	Collected-Date	WaterbodyName	Latitude	Longitude	COMID	US-L4CODE	US-L3CODE	DIST-Cat	CatAreaSqKm	WsAreaSqKm	BFICat	ElevCat	Na2OCat	Al2O3Cat	CaOCat	Fe2O3Cat	SiO2Cat	MgOCat	SCat	P2O5Cat	K2OCat	NCat	HydrlCondCat	CompStrgthCat	ICI-v2-1	PctImp2019Cat	AgKffactCat	KffactCat	PctGlacTilCrsCat	SN-2008Cat	NO3-2008Cat	InorgNWetDep-2008Cat	NH4-2008Cat	PctUrban2019Cat	PctForest2019Cat	PctAg2019Cat	PctWetland2019Cat	PctHay2019Cat	PctCrop2019Cat	NsurpCat	NANICat	PrecipCat	TmaxCat	TmeanCat	TminCat	MSST-Avg	RockNCat	RunoffCat	ClayCat	SandCat	WtDepCat	OmCat	PermCat	RckDepCat	sw-fluxCat	WaterInputCat	wdrw-LDCat	WetIndexCat	Temperature-DegC	SpecConductivity-msCm	DO	Tot-Alk	NO3NO2	Chloride	Chla-area	Color-app	TKN	TN	TP	Turbidity	TDS	Chla-conc	pH
MassExtra_Ref_5289_QC-2024	MA	2024	MassExtra-Ref-5289	MassExtra-Ref-5289-QC-2024	MassExtra-Ref-5289-QC	15-Aug-24	Mason Brook	42.706137	-71.751964	6075289	59h	59	Ref	2.628	16.3251	48	147.6277	2.7922	14.7374	4.3442	5.1787	62.6306	2.2786	0.0309	0.1606	2.3144	0.0259	0.1704	130.1297	0.793343493	1.82	0.0063	0.23	39.69	638.9256	11.8464	4.4842	2.3375	4.18	81.16	1.88	7.19	1.88	0	2947.937281	2488.439059	1209.328632	14.55557988	8.567394346	-10.91842454	18.92035595	110.1138	494	4.67	50.064	146.77	3.15	9.02	132.34	594044	1.30E-05	21.4029	757.8599				8.48	0.05	14	0.0018	52	0.387	0.39	0.02	1.7	74	0.364	6.48
MassExtra_Ref_5289-2024	MA	2024	MassExtra-Ref-5289	MassExtra-Ref-5289-2024	MassExtra-Ref-5289	15-Aug-24	Mason Brook	42.706137	-71.751964	6075289	59h	59	Ref	2.628	16.3251	48	147.6277	2.7922	14.7374	4.3442	5.1787	62.6306	2.2786	0.0309	0.1606	2.3144	0.0259	0.1704	130.1297	0.793343493	1.82	0.0063	0.23	39.69	638.9256	11.8464	4.4842	2.3375	4.18	81.16	1.88	7.19	1.88	0	2947.937281	2488.439059	1209.328632	14.55557988	8.567394346	-10.91842454	18.92035595	110.1138	494	4.67	50.064	146.77	3.15	9.02	132.34	594044	1.30E-05	21.4029	757.8599	20	90	9.01	8.64	0.05	14	0.0022	52	0.497	0.5	0.021	1.3	61	0.454	6.59
MassExtra_Ref_8749-2024	MA	2024	MassExtra-Ref-8749	MassExtra-Ref-8749-2024	MassExtra-Ref-8749	17-Aug-24	Trout Brook	42.383816	-71.837751	6078749	59h	59	Ref	4.4613	17.8578	52.1755	202.7211	2.7631	14.3572	1.392	3.9287	67.7348	1.2963	0.0349	0.1168	3.511	0.0204	0.0494	137.8822	0.777583948	1.7	0.0084	0.2025	0	677.0109	12.5528	4.7411	2.4638	3.57	80.05	1.88	11.3	1.88	0	6568.092458	6028.378089	1211.582826	14.37146868	8.71176629	-10.51315323	18.56742299	101.8681	494	3.8335	62.4824	113.9912	0.8988	22.4901	143.6016	594044	2.56E-05	106.6665	786.8414	18.4	83.5	8.62	11.5	0.11	14	7.00E-04	85	0.816	0.93	0.028	0.99	49	0.137	6.71
MassExtra_Ref_8749-2025	MA	2025	MassExtra-Ref-8749	MassExtra-Ref-8749-2025	MassExtra-Ref-8749	8-Sep-25	Trout Brook	42.383816	-71.837751	6078749	59h	59	Ref	4.4613	17.8578	52.1755	202.7211	2.7631	14.3572	1.392	3.9287	67.7348	1.2963	0.0349	0.1168	3.511	0.0204	0.0494	137.8822	0.777583948	1.7	0.0084	0.2025	0	677.0109	12.5528	4.7411	2.4638	3.57	80.05	1.88	11.3	1.88	0	6568.092458	6028.378089	1211.582826	14.37146868	8.71176629	-10.51315323	18.56742299	101.8681	494	3.8335	62.4824	113.9912	0.8988	22.4901	143.6016	594044	2.56E-05	106.6665	786.8414	14.2	130.9	10.08	11.8	0.05	24	0.0018	34	0.439	0.44	0.024	1.6	110	0.369	7.16
MassExtra_Strs_5834-2024	MA	2024	MassExtra-Strs-5834	MassExtra-Strs-5834-2024	MassExtra-Strs-5834	14-Aug-24	Quinsigamond River	42.208366	-71.69757	6115834	59c	59	Strs	6.1272	96.4395	54	130.4513	3.0317	13.8382	1.9716	3.8041	69.3666	1.313	0.0199	0.0929	3.5616	0.0058	0.0214	175.0999	0.48611644	15.56	0.0326	0.2084	29.61	636.9873	11.7832	4.4334	2.2896	31.16	39.7	6.12	8.9	5.21	0.91	22558.54706	23958.301	1223.076169	15.06041712	9.237298137	-10.11145717	20.37118258	85.9209	700	5.2691	53.438	91.9484	0.8384	13.0552	141.2324	776153	9.78E-05	299.4268	781.775	23.5	554	8.44	34.2	0.05	120	0.0056	31	0.401	0.4	0.033	1.4	250	1.13	7.01
OverRef_0897-2025	MA	2025	OverRef-0897	OverRef-0897-2025	OverRef-0897	9-Sep-25	Amethyst Brook	42.38033448	-72.46510155	6780897	59a	59	Ref	2.5488	24.7239	50.4177	127.3572	1.9354	11.6634	1.8594	4.1121	70.6445	1.4363	0.0225	0.12	2.2806	0.0169	0.0575	167.7623	0.711192072	2.69	0.0044	0.1852	0	778.139	14.4604	5.5081	2.9011	5.3	73.69	3.07	7.06	2.61	0.46	3826.048717	3564.455701	1201.525302	14.90779503	8.729700312	-10.60363693	19.42932387	144.8479	616	2.8562	67.6499	129.7102	1.0574	28.7389	144.8056	385693	1.32E-05	8.0467	767.1638	15	140.6	9.84	18.2	0.17	23	0.0051	19	0.368	0.54	0.01	0.47	90	1.04	7.42
OverRef_1339-2024	MA	2024	OverRef-1339	OverRef-1339-2024	OverRef-1339	18-Aug-24	East Branch Fever Brook	42.479448	-72.224754	7691339	59b	59	Ref	1.1223	14.184	48	241.6881	2.2709	14.8016	5.1805	8.3748	58.7576	3.9614	0.0388	0.1441	1.8586	0.0244	0.078	135.4564	0.867447775	0.04	3.00E-04	0.19	100	704.7501	13.0966	4.9858	2.6237	0	96.24	0	1.68	0	0	1151.001148	923.1963583	1207.833574	13.98406651	7.939712734	-11.38364056	18.73820852	53.3009	469	4.99	55.7	99.95	1.45	13.98	139.56	439717	3.23E-07	5.3335	745.49	20.2	68	7.28	8.5	0.05	15	0.0013	90	0.415	0.42	0.02	1.3	72	0.264	6.36
OverRef_1407-2024	MA	2024	OverRef-1407	OverRef-1407-2024	OverRef-1407	18-Aug-24	Parkers Brook	42.394423	-72.047131	7691407	59b	59	Ref	2.8818	13.7736	51.7508	244.0094	1.8567	15.0957	3.7427	7.8111	61.5128	3.4039	0.0739	0.1613	2.2513	0.0344	0.1894	96.4823	0.750892084	1.61	0.0027	0.2004	0	661.2796	12.2823	4.6596	2.4387	3.31	82.55	1.75	8.62	1.75	0	3651.047393	3186.110644	1185.148714	14.0270287	8.108121742	-11.34572136	17.5253458	96.6899	469	3.6222	62.3664	117.2357	0.9076	23.8788	143.9504	439717	6.42E-06	40.5035	759.8538	15.6	95	9.7	14.6	0.05	19	0.0019	46	0.15	0.15	0.024	4.2	78	0.375	6.46
OverRef_2275-2022	MA	2022	OverRef-2275	OverRef-2275-2022	OverRef-2275	9/12/22	North Brook	42.392526	-71.660329	6772275	59h	59	SubRef	18.2133	21.1221	54.8299	136.8272	2.6031	13.9586	3.0521	4.9097	65.1749	2.0072	0.0326	0.1183	3.168	0.0165	0.0446	157.2182	0.694380667	4.7	0.0101	0.18	94.02	643.7343	11.9002	4.4814	2.318	9.06	66.21	3.61	14.09	3.56	0.05	37150.84632	37107.34293	1194.774372	14.93815833	9.198056649	-10.08288782	19.4100592	91.0021	585.3715	7.2	45.9699	127.1	0.77	8.09	103.16	906582.4976	0.00016992	170.898	782.5542	19.2	0.256	12.6	15.4	0.19	150	0.001	35	0.46	0.65	0.107	3.6	160	0.199	6.14
OverRef_3355-2024	MA	2024	OverRef-3355	OverRef-3355-2024	OverRef-3355	18-Aug-24	Not Available	42.688459	-72.179348	9343355	58g	58	Ref	1.5021	37.377	48.2612	290.5313	3.262	14.5157	2.2894	3.9544	69.3868	1.1218	0.0117	0.1211	2.9413	0.0075	0.0297	150.7441	0.80805316	0.53	0.0072	0.21	100	653.645	12.1858	4.6101	2.4023	0.66	82.86	3.06	6.59	3.06	0	1540.582002	1261.85596	1203.489496	13.52528284	7.515066093	-12.19604539	18.8182364	15.9712	641	3.73	57.98	101.49	6.55	9.75	146.3	301861	9.25E-06	113.5712	741.0719	20.8	55	8.45	8.18	0.05	10	0.0014	160	0.592	0.59	0.022	1.5	89	0.292	6.74
OverRef_3377-2024	MA	2024	OverRef-3377	OverRef-3377-2024	OverRef-3377	18-Aug-24	West Branch Tully River	42.663519	-72.267105	9343377	58g	58	Ref	0.945	23.445	49	218.1218	2.3378	14.2019	5.137	7.2358	59.8545	3.3068	0.0336	0.136	2.0336	0.0207	0.0672	139.4099	0.730945684	1.78	0.0099	0.194	42.19	652.3377	12.158	4.6061	2.4055	3.91	80.76	2.76	9.33	2.76	0	1227.880437	1096.893921	1199.84829	14.00351618	7.765243379	-12.0631431	18.56015641	16.893	641	3.1294	62.5868	139.8155	1.6392	24.3729	141.508	301861	2.50E-05	52.36	782.3562	19.9	36.5	8.67	8.4	0.05	3.9	9.00E-04	41	0.32	0.32	0.01	1.1	42	0.189	6.82
OverRef_3457-2024	MA	2024	OverRef-3457	OverRef-3457-2024	OverRef-3457	18-Aug-24	Not Available	42.620169	-72.393038	9343457	58g	58	Ref	10.8945	10.8945	49	300.4704	2.7962	13.9417	3.6112	4.8441	65.471	1.7447	0.0209	0.1265	2.5573	0.0141	0.0713	144.2306	0.825795687	0.22	0.0018	0.2266	100	658.4045	12.2861	4.6551	2.4315	0.32	89.94	0.66	5.72	0.66	0	11151.73871	9421.710849	1222.661924	13.53712289	7.493648631	-11.88090844	17.43962129	20.4667	640.6861	4.6905	50.315	143.7647	3.0339	9.3384	132.8034	302027.2097	3.87E-05	7.159	724.2891	18.1	23.6	8.7	6.56	0.05	2.6	4.00E-04	88	0.517	0.52	0.013	1	49	0.083	6.65
OverRef_3809-2024	MA	2024	OverRef-3809	OverRef-3809-2024	OverRef-3809	18-Aug-24	Lyons Brook	42.572243	-72.463848	9343809	58g	58	Ref	6.2712	9.297	47.7989	271.5457	2.7353	13.04	1.8518	3.8657	71.1976	1.0697	0.01	0.1152	2.6004	0.0033	0.0275	173.9847	0.785929442	0.65	0.006	0.19	100	700.4354	13.0449	4.9549	2.5982	1.16	87.99	2.96	1.72	2.96	0	7373.969924	6298.252058	1245.152497	13.70981504	7.732556085	-11.71785301	17.60456201	134.7755	639.712	4.99	55.7	99.95	1.45	13.98	139.56	302041.465	8.49E-05	27.8158	723.9501	18.2	33	9.46	8.2	0.05	4.3	3.00E-04	75	0.15	0.15	0.01	0.55	52	0.056	6.49
OverRef_3809-2025	MA	2025	OverRef-3809	OverRef-3809-2025	OverRef-3809	9-Sep-25	Lyons Brook	42.572243	-72.463848	9343809	58g	58	Ref	6.2712	9.297	47.7989	271.5457	2.7353	13.04	1.8518	3.8657	71.1976	1.0697	0.01	0.1152	2.6004	0.0033	0.0275	173.9847	0.785929442	0.65	0.006	0.19	100	700.4354	13.0449	4.9549	2.5982	1.16	87.99	2.96	1.72	2.96	0	7373.969924	6298.252058	1245.152497	13.70981504	7.732556085	-11.71785301	17.60456201	134.7755	639.712	4.99	55.7	99.95	1.45	13.98	139.56	302041.465	8.49E-05	27.8158	723.9501	13.7	58.2	10.08	11.1	0.05	7.9	0.0022	17	0.428	0.43	0.005	0.36	60	0.437	7.35
OverRef_5132-2023	MA	2023	OverRef-5132	OverRef-5132-2023	OverRef-5132	8/4/23	Chickley River	42.609932	-72.928931	10295132	58c	58	Ref	5.4675	49.473	46.9862	369.1132	2.3058	14.2851	4.9798	7.2826	59.0763	3.1487	0.0383	0.1516	1.7921	0.0371	0.2955	119.8732	0.781126645	0.5	0.0055	0.23	100	659.8228	12.5575	4.7112	2.4233	0.89	91.71	2.57	1.02	2.57	0	6342.21265	5141.84912	1264.412389	12.84887725	7.073277992	-11.63708645	17.64985226	167.02	862	5.71	38.76	162.12	1.04	9.88	90.01	403818	5.67E-05	21.6277	670.2181	17.3	68.7	9.49	6.2	0.05	5.6	0.0013	13	0.15	0.15	0.005	0.39	14	0.255	6.28
OverRef_5948-2022	MA	2022	OverRef-5948	OverRef-5948-2022	OverRef-5948	9/11/22	Unnamed Tributary	42.15023573	-71.61668857	6115948	59c	59	SomeStrs	3.4695	40.4208	53.9416	94.0901	3.54	14.2833	1.39	1.99	72.3	0.45	0.03	0.1	4.49	0.0034	0.0001	188.6766	0.655794652	5.63	0.0135	0.1886	36.08	624.3724	11.5326	4.3349	2.2352	10.42	57.8	2.57	22.23	2.57	0	7401.19293	7267.018169	1233.642945	15.43699788	9.499780503	-10.00451364	19.6486219	97.0198	700	3.1043	66.3383	125.1874	0.9306	27.2824	144.8051	776153	3.40E-05	185.4658	797.9977	20.5	0.455	6.5	29	0.23	89	0.003	32	0.532	0.76	0.016	1.4	240	0.575	6.28
OverRef_6983-2023	MA	2023	OverRef-6983	OverRef-6983-2023	OverRef-6983	8/6/23	Benton Brook	42.1860368	-73.10016196	6106983	58d	58	BestRef	8.1864	8.1864	42.694	482.1866	2.781	14.1608	2.7275	4.4479	67.847	1.3842	0.026	0.13	2.8458	0.0079	0.1589	132.0485	0.841203861	0.56	6.00E-04	0.23	99.93	687.1709	12.8396	4.8564	2.5283	0.92	78.34	0.05	14.2	0.05	0	9036.925735	7399.88186	1283.122007	12.31810732	7.012641565	-11.23303643	16.91373945	137.1376	694.7111	6.21	42.1621	96.6	2.22	4.04	130.17	690672.6161	0	0	745.0475	18.4	71.2	9.07	22	0.05	3.8	0.0024	48	0.966	0.97	0.005	1.1	46	0.379	7.16
OverRef_7631-2023	MA	2023	OverRef-7631	OverRef-7631-2023	OverRef-7631	8/2/23	Stevens Brook	42.0580156	-72.18483273	6147631	59b	59	Ref	9.3429	9.3429	52.8194	301.8062	2.0521	14.955	4.1591	7.5524	61.0735	3.2982	0.0624	0.1598	2.1864	0.031	0.1743	110.0888	0.766982201	0.45	0.0084	0.2002	100	668.9284	12.4593	4.6942	2.4293	0.75	80.35	3.42	9	2.4	1.02	13658.37656	12279.91313	1284.87036	13.62743352	8.617253988	-9.771678968	17.50109969	29.5302	688.5334	5.6787	48.6095	131.6789	1.4113	10.9742	129.7542	393382.5125	9.62E-05	137.6568	745.1664	17	76	10.18	8	0.05	12	0.0034	140	0.453	0.45	0.019	7.3	60	0.588	6.92
OverRef_7631-2025	MA	2025	OverRef-7631	OverRef-7631-2025	OverRef-7631	8-Sep-25	Stevens Brook	42.0580156	-72.18483273	6147631	59b	59	Ref	9.3429	9.3429	52.8194	301.8062	2.0521	14.955	4.1591	7.5524	61.0735	3.2982	0.0624	0.1598	2.1864	0.031	0.1743	110.0888	0.766982201	0.45	0.0084	0.2002	100	668.9284	12.4593	4.6942	2.4293	0.75	80.35	3.42	9	2.4	1.02	13658.37656	12279.91313	1284.87036	13.62743352	8.617253988	-9.771678968	17.50109969	29.5302	688.5334	5.6787	48.6095	131.6789	1.4113	10.9742	129.7542	393382.5125	9.62E-05	137.6568	745.1664	14.3	105.6	10.22	9.94	0.05	16	0.0015	37	0.676	0.68	0.02	2.2	98	0.309	7.23
OverStrs_0879-2025	MA	2025	OverStrs-0879	OverStrs-0879-2025	OverStrs-0879	10-Sep-25	West Branch Mill River	42.39176	-72.72723	6780865	58e	58	Strs	0.9027	33.7077	46	205.632	1.3302	12.4846	5.4718	6.1646	55.4726	2.6493	0.0537	0.1314	2.2601	0.0363	0.1897	95.4631	0.507892253	10.31	0.0083	0.189	16.65	688.9701	12.8626	4.8687	2.5391	18.54	66.6	5.28	1.1	5.28	0	1311.965166	1167.187807	1240.321993	14.38400298	8.178564096	-11.49571285	17.97753586	146.2614	616	3.6875	60.9261	116.2332	0.9036	23.4497	143.8426	385693	8.13E-06	14.4882	718.2772	14.2	157	10.54	31.8	0.12	24	0.0072	8	0.37	0.49	0.021	0.4	100	1.46	7.22
OverStrs_1871-2025	MA	2025	OverStrs-1871	OverStrs-1871-2025	OverStrs-1871	9-Sep-25	Lampson Brook	42.28189876	-72.42726497	6781871	59b	59	Strs	1.6317	5.0418	51.8538	107.5001	2.0528	11.9608	3.1471	4.2876	67.2698	2.2503	0.022	0.1126	2.46	0.0204	0.0183	138.2473	0.378097474	0.79	0.0421	0.1874	100	742.7632	13.8021	5.252	2.7618	1.77	51.24	15.95	26.59	12.36	3.59	5384.546273	5444.066856	1188.019726	15.16153041	9.122102045	-10.1275788	18.87605204	129.094	616	4.5051	58.5731	106.7129	1.3524	17.3339	140.752	385693	6.10E-05	57.5642	860.8605	16.3	623	9.46	72.2	0.35	71	0.0025	22	0.661	1	0.132	0.73	250	0.514	7.58
OverStrs_3709-2023	MA	2023	OverStrs-3709	OverStrs-3709-2023	OverStrs-3709	8/1/23	Matfield River	42.0311824	-70.9706239	6123709	59e	59	HighStrs	0.8865	79.9416	53	17.9138	1.0791	8.7641	1.4054	2.9556	64.0112	1.3013	0.2169	0.1263	1.6136	0.1243	0.1677	78.6861	0.402065918	13.45	0.0309	0.18	0	567.4448	10.041	3.7489	1.9123	26.8	28.22	15.13	15.23	4.67	10.46	4034.848327	4380.543687	1270.367327	15.8143017	9.972034414	-7.300000191	21.14029044	13.974	668	2.35	72.09	136.77	0.96	32.24	146.05	1206491	0.00041911	234.584	853.0579	20.9	640	7.64	51	1	110	0.0025	48	0.639	1.6	0.047	0.73	290	0.51	6.84
OverStrs_6089-2023	MA	2023	OverStrs-6089	OverStrs-6089-2023	OverStrs-6089	8/2/23	Monoosnoc Brook	42.5301171	-71.7527373	6076089	59h	59	HighStrs	1.4409	29.4471	52.0687	110.1323	2.2759	14.2075	4.36	6.645	60.4379	2.6575	0.04	0.15	1.98	0.0402	0.2988	110.3559	0.394296403	64.44	0.0012	0.1633	0	619.8155	11.4893	4.3312	2.2441	88.31	5.06	0.5	0.19	0.5	0	11568.71988	14050.73243	1175.857697	15.14778233	9.150068888	-10.18744537	19.1111496	71.6521	494	4.5036	55.1369	103.261	0.668	18.1045	107.8048	594044	1.99E-06	24.9253	860.9638	22.3	278	8.76	16	0.17	47	0.0021	32	0.328	0.5	0.005	1.1	120	0.43	7.01
OverStrs_6365-2022	MA	2022	OverStrs-6365	OverStrs-6365-2022	OverStrs-6365	9/12/22	Horn Pond Brook	42.4611599	-71.149215	5866365	59d	59	HighStrs	2.7468	40.4433	54.8139	29.0436	3.0203	15.8607	7.7203	8.98	53.7566	4.7733	0.0547	0.2186	1.2503	0.0099	0.4574	193.3754	0.384118117	64.38	0.0014	0.1852	83.72	613.1938	11.1152	4.1606	2.1317	91.45	2.53	0	0	0	0	37977.02285	45894.24673	1268.617585	15.22602644	9.784422969	-7.868676402	19.76305588	6.7363	509	2.589	67.6133	133.0742	0.9342	30.6677	142.6716	2004387	1.21E-05	9.6267	828.1687	19.4		17.5	99.4	1.2	300	0.006	13	0.42	1.6	0.018	0.94	620	1.24	7.11
OverStrs_6365-2025	MA	2025	OverStrs-6365	OverStrs-6365-2025	OverStrs-6365	5-Sep-25	Horn Pond Brook	42.4611599	-71.149215	5866365	59d	59	Strs	2.7468	40.4433	54.8139	29.0436	3.0203	15.8607	7.7203	8.98	53.7566	4.7733	0.0547	0.2186	1.2503	0.0099	0.4574	193.3754	0.384118117	64.38	0.0014	0.1852	83.72	613.1938	11.1152	4.1606	2.1317	91.45	2.53	0	0	0	0	37977.02285	45894.24673	1268.617585	15.22602644	9.784422969	-7.868676402	19.76305588	6.7363	509	2.589	67.6133	133.0742	0.9342	30.6677	142.6716	2004387	1.21E-05	9.6267	828.1687	18.6	1328	7.53	68.2	0.94	340	0.0075	26	0.784	1.7	0.048	3.1	1000	1.34	7.12
OverStrs_6719-2023	MA	2023	OverStrs-6719	OverStrs-6719-2023	OverStrs-6719	8/1/23	Pecunit Brook	42.189057	-71.144304	5866719	59c	59	Strs	3.0411	3.0411	56	32.7839	1.204	10.1714	1.0929	2.9886	71.3276	1.1686	0.0913	0.1291	2.0377	0.0203	0.0569	93.7264	0.596103347	25.14	0	0.18	0	581.5921	10.4875	3.9253	2.0103	44.37	11.22	0.18	12.19	0.18	0	12487.03909	12225.67403	1284.425365	15.70416052	9.941491933	-7.534596001	18.63649746	3.9467	509	2.35	71.6592	136.77	0.9599	32.24	146.05	2004387	0	0	824.2069	22.1	430	7.25	29.4	0.32	96	0.0025	120	0.447	0.77	0.07	4.2	240	0.441	6.58
OverStrs_6971-2025	MA	2025	OverStrs-6971	OverStrs-6971-2025	OverStrs-6971	8-Sep-25	Quinebaug River	42.067394	-72.007756	6146971	59c	59	Strs	0.9279	366.9768	51.064	148.969	2.4517	14.2577	3.9978	6.1652	62.0108	2.3832	0.0348	0.1448	2.1482	0.0345	0.2519	117.5419	0.558415499	14.4	0.0196	0.22	100	669.3823	12.4859	4.6981	2.4261	25.71	51.8	2.52	4.75	2.52	0	1980.862554	1911.562367	1266.918136	14.86170581	8.899809194	-9.865373474	21.44139571	89.3936	689	4.3556	57.486	136.6091	1.9746	23.4831	143.0945	393382	1.09E-05	229.0073	797.5364	17.6	338.3	9.82	26.1	0.82	62	0.0015	36	0.428	1.2	0.024	2.1	180	0.299	7.45
OverStrs_8329-2024	MA	2024	OverStrs-8329	OverStrs-8329-2024	OverStrs-8329	15-Aug-24	Not Available	42.374876	-71.826431	6078329	59h	59	Strs	1.9701	116.64	52.698	183.3803	2.9176	14.3258	1.3665	3.5296	68.6024	1.1308	0.0349	0.1142	3.6311	0.0178	0.0403	145.0406	0.75209505	2	0.0152	0.1803	0	672.3886	12.4641	4.7061	2.4445	4.24	68.89	3.75	15.81	3.75	0	3199.023058	2963.884628	1212.305019	14.56472078	8.898753198	-10.26185456	20.71425247	94.3334	494	2.5649	70.7739	133.4708	0.9508	30.8278	145.6954	594044	2.24E-05	211.1634	781.4376	23.2	305	9.18	18	0.22	67	0.003	44	0.359	0.58	0.019	1.1	160	0.601	6.76
OverStrs_8635-2025	MA	2025	OverStrs-8635	OverStrs-8635-2025	OverStrs-8635	5-Sep-25	Segreganset River	41.83523239	-71.13593516	6128635	59e	59	Strs	1.1619	28.116	49.1898	13.3207	1.0791	8.7641	1.4054	2.9556	64.0112	1.3013	0.2169	0.1263	1.6136	0.1243	0.1677	78.6861	0.604854108	7.44	0.021	0.215	86.13	580.4352	10.3757	3.8812	1.9859	15.42	37.26	5.27	32.84	5.27	0	2544.223472	2479.983657	1239.324453	15.68970168	10.34425358	-7.176607189	20.55161443	8.2841	668	4.4726	57.6372	104.1782	0.8757	18.2899	142.5469	1206491	7.21E-05	88.0936	893.1015	18.8	244	8.45	26.6	1.3	37	0.003	23	1.08	2.4	0.068	0.43	130	0.606	6.77
OverStrs_9519-2025	MA	2025	OverStrs-9519	OverStrs-9519-2025	OverStrs-9519	6-Sep-25	Wading River	41.9471012	-71.1769499	6129519	59e	59	Strs	1.08	113.0418	55.5467	24.5113	1.0791	8.7641	1.4054	2.9556	64.0112	1.3013	0.2169	0.1263	1.6136	0.1243	0.1677	78.6861	0.759749949	5.03	0.0066	0.1859	0	587.9281	10.5959	3.9658	2.0309	9.25	55.5	0.17	31.25	0.17	0	2729.520005	2748.79646	1265.045855	15.75768666	10.05206074	-7.598916572	20.51164185	8.2623	668	2.35	72.0147	136.77	0.96	32.24	146.05	1206491	0	0	908.8158	20.3	367	8.09	35.9	0.05	69	0.0046	23	0.607	0.61	0.012	0.81	190	0.94	7.09
PrimeRef_0065-2023	MA	2023	PrimeRef-0065	PrimeRef-0065-2023	PrimeRef-0065	8/2/23	East Branch Swift River	42.44333962	-72.18730625	7690065	59b	59	Ref	1.9359	73.5624	48.8749	226.1599	2.5972	14.6704	2.5032	5.4261	65.9271	1.9618	0.0341	0.1339	2.7584	0.0206	0.0875	125.3006	0.8302204	0.38	6.00E-04	0.1956	83.03	699.7318	13.0019	4.9473	2.6014	0.56	90.01	0.33	3.02	0.33	0	2001.855587	1601.220621	1212.718156	14.08753672	7.99653857	-11.16787553	19.61758569	100.5141	469	5.6243	51.4669	88.5845	1.1735	10.209	139.4463	439717	9.66E-07	9.276	729.7685	17.5	69	10.09	7	0.05	12	0.0014	68	0.384	0.38	0.012	0.93	14	0.276	6.72
PrimeRef_0065-2025	MA	2025	PrimeRef-0065	PrimeRef-0065-2025	PrimeRef-0065	8-Sep-25	East Branch Swift River	42.44333962	-72.18730625	7690065	59b	59	Ref	1.9359	73.5624	48.8749	226.1599	2.5972	14.6704	2.5032	5.4261	65.9271	1.9618	0.0341	0.1339	2.7584	0.0206	0.0875	125.3006	0.8302204	0.38	6.00E-04	0.1956	83.03	699.7318	13.0019	4.9473	2.6014	0.56	90.01	0.33	3.02	0.33	0	2001.855587	1601.220621	1212.718156	14.08753672	7.99653857	-11.16787553	19.61758569	100.5141	469	5.6243	51.4669	88.5845	1.1735	10.209	139.4463	439717	9.66E-07	9.276	729.7685	16.8	80.7	9.61	13.4	0.05	13	0.0029	32	0.404	0.4	0.029	0.73	60	0.597	7.41
PrimeRef_0208_QC-2022	MA	2022	PrimeRef-0208	PrimeRef-0208-QC-2022	PrimeRef-0208-QC	9/7/22	West Brook	42.24787164	-73.28014542	7710208	58d	58	BestRef	12.8367	12.8367	45.8339	521.7996	2.7456	14.1271	3.2621	5.5192	66.1293	2.0994	0.0212	0.1288	2.4712	0.0063	0.11	147.618	0.815645721	0.12	0.0003	0.2304	100	669.1029	12.542	4.7437	2.4692	0.12	90.78	0.02	5.17	0.02	0	13860.65012	11556.05579	1300.663039	12.30747972	6.921666772	-11.43239152	17.17512378	157.15	667	5.8687	39.8162	141.3289	1.4202	8.0268	102.7538	612411	5.94E-07	0.4164	713.3639	16.9	0.057	8.7	13.4	0.05	1.4	0.002	50	0.447	0.45	0.022	1.9	47	0.332	6.86
PrimeRef_0208-2022	MA	2022	PrimeRef-0208	PrimeRef-0208-2022	PrimeRef-0208	9/7/22	West Brook	42.24787164	-73.28014542	7710208	58d	58	BestRef	12.8367	12.8367	45.8339	521.7996	2.7456	14.1271	3.2621	5.5192	66.1293	2.0994	0.0212	0.1288	2.4712	0.0063	0.11	147.618	0.815645721	0.12	0.0003	0.2304	100	669.1029	12.542	4.7437	2.4692	0.12	90.78	0.02	5.17	0.02	0	13860.65012	11556.05579	1300.663039	12.30747972	6.921666772	-11.43239152	17.17512378	157.15	667	5.8687	39.8162	141.3289	1.4202	8.0268	102.7538	612411	5.94E-07	0.4164	713.3639	16.8	0.057	8	14	0.05	1.3	0.001	52	0.522	0.52	0.022	2.1	48	0.138	6.45
PrimeRef_0231-2023	MA	2023	PrimeRef-0231	PrimeRef-0231-2023	PrimeRef-0231	8/4/23	Green River	42.62867059	-73.22503856	22290231	58a	58	Ref	11.9016	39.3336	47.0055	500.4512	0.9921	11.5944	6.5992	5.4885	53.8257	2.5276	0.0457	0.1183	2.6983	0.042	0.0673	100.7266	0.734925623	0.8	0.014	0.247	100	678.2527	13.0226	4.8802	2.5056	1.5	88.11	4.78	1.74	4.14	0.64	13487.22525	10775.98748	1277.573053	12.28588238	6.794717146	-11.83608593	16.51364049	226.1871	714	7.7587	36.2649	154.7965	1.3831	8.5715	95.8705	410926	2.29E-05	16.99	669.4524	15.7	223	11.17	78	0.19	14	0.0019	14	0.15	0.46	0.011	2	98	0.392	7.14
PrimeRef_0236-2023	MA	2023	PrimeRef-0236	PrimeRef-0236-2023	PrimeRef-0236	8/5/23	Unnamed Tributary	42.05003318	-73.42610577	7710236	58a	58	BestRef	9.0828	9.0828	47.4874	527.3018	0.4077	4.3267	25.1105	2.8047	23.3726	2.8363	0.0871	0.0974	0.8692	0.0134	0.147	99.2016	0.799502373	0.16	0.0053	0.3076	92.51	758.3852	14.2006	5.3805	2.8073	0.26	92.05	1.03	4.91	1.03	0	10165.26192	8111.163666	1268.546327	13.05047805	7.75575043	-11.31416955	17.65257918	180.4427	650.9128	14.1589	26.6846	150.0641	1.4564	7.5329	92.2503	612180.2796	6.74E-06	9.5019	699.852	14.9	33.6	9.85	2	0.05	1.4	6.00E-04	17	0.15	0.15	0.005	0.65	6.5	0.128	6.34
PrimeRef_0249_QC-2024	MA	2024	PrimeRef-0249	PrimeRef-0249-QC-2024	PrimeRef-0249-QC	15-Aug-24	Maynard Brook	42.32443	-72.04505	7690249	59b	59	Ref	5.112	5.112	52.8164	293.4175	2.173	14.439	4.1887	6.9315	60.7661	2.8419	0.0486	0.1528	2.0556	0.0386	0.269	106.9938	0.753284978	0.59	0.0163	0.22	99.93	682.5267	12.6768	4.8092	2.5169	1.01	62.46	4.52	25.28	4.52	0	6668.894651	5818.749163	1203.215213	13.58542504	8.266359037	-10.92610906	16.7487039	92.5105	469	5.8999	48.988	82.2623	0.8122	8.9093	140.1913	439717	6.70E-05	241.7973	810.8452				7.44	0.18	11	0.0012	130	0.536	0.72	0.033	1.6	90	0.252	6.91
PrimeRef_0249-2024	MA	2024	PrimeRef-0249	PrimeRef-0249-2024	PrimeRef-0249	15-Aug-24	Maynard Brook	42.32443	-72.04505	7690249	59b	59	Ref	5.112	5.112	52.8164	293.4175	2.173	14.439	4.1887	6.9315	60.7661	2.8419	0.0486	0.1528	2.0556	0.0386	0.269	106.9938	0.753284978	0.59	0.0163	0.22	99.93	682.5267	12.6768	4.8092	2.5169	1.01	62.46	4.52	25.28	4.52	0	6668.894651	5818.749163	1203.215213	13.58542504	8.266359037	-10.92610906	16.7487039	92.5105	469	5.8999	48.988	82.2623	0.8122	8.9093	140.1913	439717	6.70E-05	241.7973	810.8452	17.2	71	8.41	8.36	0.18	11	0.0011	120	0.76	0.94	0.033	1.6	69	0.218	7.42
PrimeRef_0363_QC-2025	MA	2025	PrimeRef-0363	PrimeRef-0363-QC-2025	PrimeRef-0363-QC	4-Sep-25	Broad Brook	42.73553196	-73.20485698	22290363	58b	58	Ref	26.8353	26.8353	48	548.7819	1.4016	8.978	6.1156	3.7328	61.6548	3.9379	0.0189	0.1008	1.6462	0.0125	0.0573	190.5806	0.796806972	0.67	0.0038	0.3456	76.52	655.9561	12.7244	4.744	2.4169	1.12	92.89	1.05	2.21	1.05	0	30817.94987	25825.24545	1280.415115	11.83959806	6.557064674	-11.6264413	16.56443705	201.0717	714	7.1323	37.0689	120.9892	1.8001	6.0612	122.9154	410926	1.50E-05	4.2105	708.1333				89.7	0.16	4.8	0.0072	2.5	0.15	0.15	0.005	0.1	72	1.46	7.98
PrimeRef_0363-2022	MA	2022	PrimeRef-0363	PrimeRef-0363-2022	PrimeRef-0363	9/8/22	Broad Brook	42.73553196	-73.20485698	22290363	58b	58	BestRef	26.8353	26.8353	48	548.7819	1.4016	8.978	6.1156	3.7328	61.6548	3.9379	0.0189	0.1008	1.6462	0.0125	0.0573	190.5806	0.796806972	0.67	0.0038	0.3456	76.52	655.9561	12.7244	4.744	2.4169	1.12	92.89	1.05	2.21	1.05	0	30817.94987	25825.24545	1280.415115	11.83959806	6.557064674	-11.6264413	16.56443705	201.0717	714	7.1323	37.0689	120.9892	1.8001	6.0612	122.9154	410926	1.50E-05	4.2105	708.1333				62.4	0.16	5.4	0.005	13	0.15	0.15	0.005	0.1	72	0.943	
PrimeRef_0363-2025	MA	2025	PrimeRef-0363	PrimeRef-0363-2025	PrimeRef-0363	4-Sep-25	Broad Brook	42.73553196	-73.20485698	22290363	58b	58	Ref	26.8353	26.8353	48	548.7819	1.4016	8.978	6.1156	3.7328	61.6548	3.9379	0.0189	0.1008	1.6462	0.0125	0.0573	190.5806	0.796806972	0.67	0.0038	0.3456	76.52	655.9561	12.7244	4.744	2.4169	1.12	92.89	1.05	2.21	1.05	0	30817.94987	25825.24545	1280.415115	11.83959806	6.557064674	-11.6264413	16.56443705	201.0717	714	7.1323	37.0689	120.9892	1.8001	6.0612	122.9154	410926	1.50E-05	4.2105	708.1333	15.2	197	10.11	95.6	0.16	4.9	0.0077	5	0.15	0.15	0.005	0.23	60	1.57	8.02
PrimeRef_0379-2025	MA	2025	PrimeRef-0379	PrimeRef-0379-2025	PrimeRef-0379	4-Sep-25	Hemlock Brook	42.687532	-73.232741	22290379	58a	58	Ref	13.6485	13.6485	47.937	496.6911	0.9288	12.0913	6.3044	5.8601	52.7428	2.48	0.0505	0.122	2.7273	0.0463	0.0639	88.9848	0.7546041	0.49	0.0137	0.3	0	656.2181	12.6567	4.7364	2.4266	0.71	92.34	3.5	0.14	3.5	0	15497.75337	12550.96509	1247.912473	12.19243086	6.940870435	-11.58081765	16.65197515	193.2484	714	13.8914	24.3008	152.7297	0.888	5.2694	93.5733	410926	2.42E-05	15.1123	647.8646	14.8	226	9.69	53.4	0.21	26	0.0036	5	0.15	0.15	0.031	1.6	78	0.72	7.76
PrimeRef_0641_QC-2023	MA	2023	PrimeRef-0641	PrimeRef-0641-QC-2023	PrimeRef-0641-QC	8/1/23	Gravelly Brook	42.6603635	-70.9032051	5860641	59f	59	SubRef	5.8005	5.8005	55.0304	22.6702	3.1346	15.1287	6.5249	7.9621	56.7431	4.0255	0.0357	0.2362	1.8632	0.0138	0.4706	135.3391	0.818363832	3.85	0.002	0.1985	0	589.1509	10.6736	3.9798	2.0266	7.52	47.71	0.78	40.25	0.78	0	11768.86648	11294.11892	1257.165829	14.8008772	9.427476018	-7.721598098	17.85887861	14.7386	509	4.4125	58.3923	105.102	0.8741	18.6853	142.6462	2004387	2.09E-05	77.6195	819.2729				36.8	0.05	28	3.00E-04	220	0.886	0.89	0.026	2.8	130	0.057	6.29
PrimeRef_0641-2023	MA	2023	PrimeRef-0641	PrimeRef-0641-2023	PrimeRef-0641	8/1/23	Gravelly Brook	42.6603635	-70.9032051	5860641	59f	59	SubRef	5.8005	5.8005	55.0304	22.6702	3.1346	15.1287	6.5249	7.9621	56.7431	4.0255	0.0357	0.2362	1.8632	0.0138	0.4706	135.3391	0.818363832	3.85	0.002	0.1985	0	589.1509	10.6736	3.9798	2.0266	7.52	47.71	0.78	40.25	0.78	0	11768.86648	11294.11892	1257.165829	14.8008772	9.427476018	-7.721598098	17.85887861	14.7386	509	4.4125	58.3923	105.102	0.8741	18.6853	142.6462	2004387	2.09E-05	77.6195	819.2729	20.5	75	4.92	30	0.05	28	3.00E-04	240	0.905	0.9	0.034	3.1	120	0.059	6.42
PrimeRef_0783-2024	MA	2024	PrimeRef-0783	PrimeRef-0783-2024	PrimeRef-0783	16-Aug-24	Twelvemile Brook	42.1086	-72.357668	7690783	59b	59	Ref	1.0314	4.1877	55.4965	206.6258	3.0207	13.6559	3.8702	4.1076	66.4504	1.3825	0.0146	0.1189	2.6592	0.0066	0.0301	155.5598	0.768074855	2.4	3.00E-04	0.1904	65.79	682.6263	12.6832	4.7963	2.4973	4.19	62.99	0.09	3.49	0.09	0	1647.366838	1525.587759	1214.733027	14.46062815	8.775458973	-9.5	16.8335002	15.7927	471.9319	4.99	55.6511	99.95	1.45	13.98	139.56	439717	0	0	737.5916	17.9	163.8	8.88	16.2	0.28	31	8.00E-04	49	0.306	0.59	0.025	1.3	84	0.156	7.31
PrimeRef_0783-2025	MA	2025	PrimeRef-0783	PrimeRef-0783-2025	PrimeRef-0783	9-Sep-25	Twelvemile Brook	42.1086	-72.357668	7690783	59b	59	Ref	1.0314	4.1877	55.4965	206.6258	3.0207	13.6559	3.8702	4.1076	66.4504	1.3825	0.0146	0.1189	2.6592	0.0066	0.0301	155.5598	0.768074855	2.4	3.00E-04	0.1904	65.79	682.6263	12.6832	4.7963	2.4973	4.19	62.99	0.09	3.49	0.09	0	1647.366838	1525.587759	1214.733027	14.46062815	8.775458973	-9.5	16.8335002	15.7927	471.9319	4.99	55.6511	99.95	1.45	13.98	139.56	439717	0	0	737.5916	14.1	168.3	10	13.6	0.18	28	0.0013	74	0.515	0.7	0.022	1.8	99	0.268	7.27
PrimeRef_1131-2023	MA	2023	PrimeRef-1131	PrimeRef-1131-2023	PrimeRef-1131	8/3/23	Unnamed Tributary	42.27841233	-72.50871853	6781131	59a	59	BestRef	3.2724	3.2724	51.4992	137.4243	0.8753	9.7257	1.8841	3.0745	69.9107	1.4484	0.0558	0.1356	2.2498	0.0419	0.1128	109.6898	0.797181833	0.38	0.0029	0.18	38.2	723.0349	13.4402	5.1101	2.6838	0.78	89.99	1.05	6.74	1.05	0	4496.677811	4113.92769	1180.593769	14.99363286	8.937831029	-10.03476331	17.00643814	121.6259	616	6.2939	52.4097	152.8824	0.3683	17.3431	105.1909	385693	1.09E-05	5.0866	712.4362	14.9	177	8.65	59.2	0.05	1.3	0.0022	11	0.354	0.35	0.019	0.68	55	0.44	7.23
PrimeRef_1351-2022	MA	2022	PrimeRef-1351	PrimeRef-1351-2022	PrimeRef-1351	9/9/22	Unnamed Tributary	42.46890058	-72.38113392	7691351	58g	58	BestRef	5.3649	10.3896	47.5445	272.5265	2.3127	13.7133	6.0002	7.2776	59.3631	3.4453	0.032	0.1355	1.7788	0.0164	0.0596	149.9045	0.804222518	0.06	0.0008	0.19	78.95	772.4719	14.3583	5.4676	2.8784	0.12	97.66	0.2	1.48	0.2	0	5747.258353	4752.604225	1316.641692	13.72419526	7.715478907	-11.15076339	17.82241306	18.3928	469	4.99	55.7	99.95	1.45	13.98	139.56	439717	8.88E-06	3.5954	743.3607				3.4	0.05	5.3	0.002	23	0.15	0.15	0.005	0.3	39	0.311	6.6
PrimeRef_1377-2024	MA	2024	PrimeRef-1377	PrimeRef-1377-2024	PrimeRef-1377	17-Aug-24	Burnshirt River	42.436196	-72.052526	7691377	59b	59	Ref	7.0569	44.8947	50.0068	250.3976	1.9812	14.6151	3.0469	6.8761	62.8349	2.811	0.056	0.1481	2.41	0.0319	0.165	106.9063	0.846648217	0.39	5.00E-04	0.2087	38.76	651.2141	12.0994	4.593	2.4062	0.75	81.07	0.23	12.63	0.23	0	8202.731078	7024.309078	1188.340123	13.94222792	7.963243749	-11.46774636	19.02639697	95.8459	469	5.1167	53.3125	94.2893	0.8446	14.0572	141.484	439717	3.12E-06	8.0581	785.5453	20.5	51	8.95	8.64	0.05	9.1	0.0018	80	0.416	0.42	0.015	1.1	54	0.361	6.53
PrimeRef_1695-2024	MA	2024	PrimeRef-1695	PrimeRef-1695-2024	PrimeRef-1695	16-Aug-24	Not Available	42.201084	-72.189298	7691695	59b	59	Ref	1.9728	1.9728	54	269.1201	1.7585	14.9814	3.2297	7.614	61.3185	3.2538	0.0696	0.156	2.4044	0.0369	0.1779	93.31	0.788743328	2.69	0.007	0.19	79.79	699.8505	13.0046	4.9284	2.5749	5.43	73.31	2.87	10.49	2.87	0	2729.398698	2435.924187	1229.184055	13.90378088	8.592900226	-10.21240882	16.61270404	84.7141	469	5.5	49.4297	134.41	0.64	11.11	127.99	439717	1.37E-05	130.4691	742.6204	18.2	149.3	8.39	14.4	0.17	30	0.0011	100	0.421	0.59	0.027	2.8	140	0.218	7.24
PrimeRef_1747-2024	MA	2024	PrimeRef-1747	PrimeRef-1747-2024	PrimeRef-1747	16-Aug-24	Bottle Brook	42.153512	-72.259335	7691747	59b	59	Ref	2.9898	2.9898	54.9895	246.923	1.7194	12.7206	3.791	6.8693	56.5474	8.3132	0.0495	0.1388	2.2328	0.0257	0.0903	112.6738	0.793295296	0.76	0.0065	0.19	76.64	688.2145	12.792	4.8398	2.5218	1.47	87.36	3.55	2.05	3.55	0	4018.237035	3517.656229	1221.657651	14.07032577	8.694883457	-9.616195067	16.53056878	15.9113	469.4636	5.1603	54.293	96.8804	1.3667	12.9725	139.5403	439633.3125	3.99E-05	216.1707	727.4964	17.3	87.3	8.82	25.9	0.25	9.2	6.00E-04	18	0.15	0.15	0.018	0.61	54	0.127	7.39
PrimeRef_1781-2025	MA	2025	PrimeRef-1781	PrimeRef-1781-2025	PrimeRef-1781	9-Sep-25	Roaring Brook	42.45007437	-72.45260735	6781781	58g	58	Ref	11.0718	11.0718	48.9757	323.559	2.2031	12.5906	1.5558	4.5155	69.9974	1.4172	0.032	0.1176	2.4137	0.0064	0.0731	164.2468	0.802981274	1.01	0.0018	0.19	100	781.5392	14.5245	5.5328	2.9143	1.82	84.83	0.59	6.37	0.59	0	12370.55945	10298.91396	1279.182383	13.5865904	7.267621669	-11.19830916	18.04877669	136.4829	595.2441	4.99	55.7	99.95	1.45	13.98	139.56	385750.0893	4.65E-05	8.8623	793.5417	12.5	104.4	10.34	13.2	0.37	17	0.0015	14	0.316	0.69	0.005	0.35	79	0.298	7.25
PrimeRef_2325-2025	MA	2025	PrimeRef-2325	PrimeRef-2325-2025	PrimeRef-2325	5-Sep-25	Unnamed Tributary	42.62248944	-71.02018566	5862325	59h	59	Ref	4.2381	4.2381	54.8528	33.321	3.5367	16.2515	5.1597	5.591	62.1231	2.4459	0.0319	0.1857	1.885	0.0066	0.0037	172.3912	0.826285215	0.79	0.0026	0.1827	100	599.4772	10.8938	4.0676	2.076	1.55	63.52	0.4	31.13	0.4	0	8574.501369	8152.487286	1240.007463	15.02160962	9.503704301	-8.176343223	18.64863091	14.3847	509	6.3871	49.637	117.1141	1.0114	10.2564	116.5482	2004387	9.47E-06	47.5259	827.6581	16.9	165.3	2.81	40.4	0.05	8.9	0.0022	120	1.11	1.1	0.063	9.8	79	0.352	6.6
PrimeRef_3479-2022	MA	2022	PrimeRef-3479	PrimeRef-3479-2022	PrimeRef-3479	9/8/22	Westfield River	42.51463153	-72.9929962	6093479	58c	58	BestRef	1.6218	35.6823	46.0577	523.3303	1.5588	13.9884	2.3023	6.9948	61.1096	2.8099	0.0501	0.1404	2.3492	0.0364	0.2389	94.5932	0.796687971	0.48	0.0042	0.23	100	712.041	13.4917	5.0688	2.6127	0.84	94.45	1	0.72	1	0	1751.202697	1376.909134	1330.679883	11.97654451	6.666296609	-11.54001111	17.42362621	136.1077	711	6.1326	41.547	106.7443	2.0268	4.9442	123.9521	561412	1.00E-06	5.6757	712.6421				32.8	0.05	19	0.002	24	0.576	0.58	0.005	0.37	72	0.454	7.7
PrimeRef_3601-2024	MA	2024	PrimeRef-3601	PrimeRef-3601-2024	PrimeRef-3601	16-Aug-24	Whetstone Brook	42.587089	-72.357188	9343601	58g	58	Ref	13.5792	13.5792	47.9557	285.8785	2.5944	14.3742	5.62	7.7035	59.8957	3.6603	0.0227	0.135	1.7778	0.0149	0.033	157.2105	0.81787208	0.1	3.00E-04	0.19	69.09	696.5518	12.9629	4.9264	2.5855	0.14	94.3	0.23	3.81	0.23	0	13533.87492	10926.82722	1246.634561	13.60272918	7.614872859	-11.25299589	18.00368769	18.8474	628.825	4.99	55.7159	99.95	1.45	13.98	139.56	302125.9671	1.10E-05	1.6675	743.4268	16.8	16	9.98	7.76	0.05	1.4	0.0012	43	0.15	0.15	0.011	0.44	18	0.253	7.5
PrimeRef_3739-2024	MA	2024	PrimeRef-3739	PrimeRef-3739-2024	PrimeRef-3739	16-Aug-24	Boyce Brook	42.684987	-72.211591	9343739	58g	58	Ref	6.0678	14.931	48.7361	293.6327	1.3901	14.4328	1.8445	7.0727	60.5691	2.871	0.0539	0.1418	2.7419	0.0451	0.1447	81.8219	0.817853468	0.22	0.0031	0.2076	74.46	651.5735	12.1493	4.5987	2.3981	0.29	88.36	1.22	5.56	1.22	0	5860.67359	4744.584293	1203.627255	13.52539219	7.574049037	-11.42561558	18.16800525	16.1446	641	3.7196	58.2109	101.7569	6.5077	9.9201	146.2981	301861	1.64E-05	49.8175	735.6427	19.3	25	9.47	5.18	0.05	3.2	0.0013	72	0.38	0.38	0.022	0.89	30	0.271	7.38
PrimeRef_4427-2022	MA	2022	PrimeRef-4427	PrimeRef-4427-2022	PrimeRef-4427	9/10/22	Mine Brook	42.0622339	-71.84614989	6144427	59c	59	BestRef	2.0817	2.9241	52.0026	214.4028	3.54	14.2833	1.39	1.99	72.3	0.45	0.03	0.1	4.49	0.0034	0.0001	188.6766	0.83168738	0.61	0.0002	0.2007	30.44	657.6205	12.2424	4.6035	2.3748	1.51	94.47	0.09	2.9	0.09	0	3355.873148	3175.446737	1215.295678	14.33226366	9.00163052	-9.792606996	17.27989773	88.1611	689	6.5281	48.2809	117.2176	0.7931	10.0978	115.1433	394043.9473	4.82E-07	4.3132	771.5153	15.1	0.0213	10.6	1	0.05	2.5	0.002	2.5	0.15	0.15	0.005	0.1	44	0.503	6.05
PrimeRef_4614-2022	MA	2022	PrimeRef-4614	PrimeRef-4614-2022	PrimeRef-4614	9/8/22	Dunbar Brook	42.7045149	-72.95266602	10294614	58c	58	BestRef	1.6128	28.0449	45.4699	458.8494	1.5712	14.0376	2.8546	7.0835	60.5349	2.8982	0.0475	0.1417	2.3252	0.0356	0.2134	95.2279	0.879588089	0.33	0	0.23	100	701.362	13.4503	5.0403	2.5879	0.89	98.38	0	0.17	0	0	1773.82997	1380.940522	1319.350257	12.0757667	6.585263772	-11.93046861	16.87525082	183.1385	862	5.8043	39.3933	149.7619	1.2599	8.7785	97.5848	403818	0	0	671.5843				6.8	0.05	5	0.001	17	0.15	0.15	0.005	0.1	14	0.135	
PrimeRef_4614-2025	MA	2025	PrimeRef-4614	PrimeRef-4614-2025	PrimeRef-4614	4-Sep-25	Dunbar Brook	42.7045149	-72.95266602	10294614	58c	58	Ref	1.6128	28.0449	45.4699	458.8494	1.5712	14.0376	2.8546	7.0835	60.5349	2.8982	0.0475	0.1417	2.3252	0.0356	0.2134	95.2279	0.879588089	0.33	0	0.23	100	701.362	13.4503	5.0403	2.5879	0.89	98.38	0	0.17	0	0	1773.82997	1380.940522	1319.350257	12.0757667	6.585263772	-11.93046861	16.87525082	183.1385	862	5.8043	39.3933	149.7619	1.2599	8.7785	97.5848	403818	0	0	671.5843	14.6	59	9.9	11	0.2	6	0.0019	5	0.15	0.15	0.005	0.48	14	0.378	7.24
PrimeRef_4837-2023	MA	2023	PrimeRef-4837	PrimeRef-4837-2023	PrimeRef-4837	8/1/23	Rocky Brook	42.02502953	-71.79449349	6144837	59c	59	BestRef	3.3201	4.8735	52	211.8808	3.5388	14.2844	1.3942	1.9991	72.2868	0.453	0.0299	0.1001	4.4825	0.0035	2.00E-04	188.4987	0.805640901	0.96	0.0042	0.1957	99.35	644.6729	11.9992	4.5093	2.3238	2.03	83.98	0.81	9.47	0.81	0	4820.157977	4392.85937	1231.119809	14.37401787	9.042175562	-9.910870088	18.69378806	91.453	689	5.7044	51.8444	109.3037	1.3107	12.0601	128.2888	393485.7601	1.35E-05	76.6231	787.5102	16.7	43	7.78	1	0.05	5.6	8.00E-04	15	1	1	0.005	0.22	6.5	0.172	5.2
PrimeRef_5108_QC-2023	MA	2023	PrimeRef-5108	PrimeRef-5108-QC-2023	PrimeRef-5108-QC	8/3/23	Green River	42.71614182	-72.66956043	10295108	58f	58	Ref	1.5759	96.9237	46.8892	241.6133	1.4936	11.8095	8.684	5.9935	50.7736	2.8381	0.0594	0.1335	1.878	0.0305	0.2452	94.0294	0.80812228	0.37	0.0021	0.23	100	664.9066	12.5758	4.731	2.4438	0.34	88.29	1.31	1.2	1.31	0	1688.146355	1364.414959	1326.8348	13.62027396	7.504883928	-11.83260987	18.26511231	145.3025	862	5.71	38.76	162.12	1.04	9.88	90.01	403818	6.13E-06	8.5147	708.2393	15.8	96	11.13	31	0.05	2.8	3.00E-04	7	0.372	0.37	0.005	0.29	42	0.064	7.44
PrimeRef_5108-2023	MA	2023	PrimeRef-5108	PrimeRef-5108-2023	PrimeRef-5108	8/3/23	Green River	42.71614182	-72.66956043	10295108	58f	58	Ref	1.5759	96.9237	46.8892	241.6133	1.4936	11.8095	8.684	5.9935	50.7736	2.8381	0.0594	0.1335	1.878	0.0305	0.2452	94.0294	0.80812228	0.37	0.0021	0.23	100	664.9066	12.5758	4.731	2.4438	0.34	88.29	1.31	1.2	1.31	0	1688.146355	1364.414959	1326.8348	13.62027396	7.504883928	-11.83260987	18.26511231	145.3025	862	5.71	38.76	162.12	1.04	9.88	90.01	403818	6.13E-06	8.5147	708.2393	14.3	96	11.37	40	0.05	2.8	0.0018	6	0.15	0.15	0.005	0.51	55	0.359	7.42
PrimeRef_5122-2023	MA	2023	PrimeRef-5122	PrimeRef-5122-2023	PrimeRef-5122	8/4/23	Houghton Brook	42.63407278	-72.74033202	10295122	58f	58	BestRef	2.8719	2.8719	45.8963	368.5743	1.2769	13.0334	1.1964	6.4584	64.0854	2.4585	0.0475	0.1305	2.3433	0.0304	0.1989	111.7046	0.844679188	0.28	4.00E-04	0.2567	89.69	655.3084	12.3847	4.6612	2.4095	0.43	96.24	0.22	1.82	0.22	0	2751.7183	2179.22851	1296.753868	12.94850555	7.171274477	-11.59614568	16.29553356	156.6751	862	5.73	41.0523	140.4	0.64	7.69	91.06	403818	1.96E-06	1.4601	679.3736	15.7	101	9.56	30.4	0.12	1.1	6.00E-04	5	0.15	0.15	0.005	0.38	36	0.116	6.83
PrimeRef_5379-2022	MA	2022	PrimeRef-5379	PrimeRef-5379-2022	PrimeRef-5379	9/7/22	Valley Brook	42.08197453	-72.9096246	6105379	58e	58	BestRef	7.2927	7.2927	45.7232	362.9747	1.4849	12.5323	2.7128	5.102	65.0952	2.1431	0.0549	0.1389	2.3585	0.0494	0.177	96.6135	0.817753487	0.22	0.0023	0.26	100	716.4805	13.3443	5.0261	2.6005	0.37	93.15	0.87	2.54	0.77	0.1	8014.494971	6536.844497	1325.212103	13.52530619	7.629512792	-11.59476773	17.33741643	134.4442	699.3826	5.73	41	140.4	0.64	7.69	91.06	690281.0865	2.14E-05	51.5762	730.1491	15.7	0.046	8.5	6.7	0.05	1.4	0.001	27	0.15	0.15	0.01	0.86	29	0.195	6.5
PrimeRef_5379-2025	MA	2025	PrimeRef-5379	PrimeRef-5379-2025	PrimeRef-5379	7-Sep-25	Valley Brook	42.08197453	-72.9096246	6105379	58e	58	Ref	7.2927	7.2927	45.7232	362.9747	1.4849	12.5323	2.7128	5.102	65.0952	2.1431	0.0549	0.1389	2.3585	0.0494	0.177	96.6135	0.817753487	0.22	0.0023	0.26	100	716.4805	13.3443	5.0261	2.6005	0.37	93.15	0.87	2.54	0.77	0.1	8014.494971	6536.844497	1325.212103	13.52530619	7.629512792	-11.59476773	17.33741643	134.4442	699.3826	5.73	41	140.4	0.64	7.69	91.06	690281.0865	2.14E-05	51.5762	730.1491	14.7	34.7	9.68	10.7	0.05	1.2	0.0013	58	0.341	0.34	0.023	1.3	48	0.254	7.35
PrimeRef_5399-2023	MA	2023	PrimeRef-5399	PrimeRef-5399-2023	PrimeRef-5399	8/5/23	Hubbard River	42.0638035	-72.96601513	6105399	58d	58	Ref	2.7477	32.5989	45.8582	363.0748	0.6159	10.0081	1.1681	2.9057	69.8138	1.3424	0.0636	0.1239	2.5945	0.0702	0.0961	82.8632	0.875790342	0.09	0	0.2422	100	710.8834	13.2391	4.9844	2.5772	0.1	92.04	0	5.01	0	0	2894.388867	2336.331227	1307.741016	13.43889505	7.602630739	-11.58778284	18.52491583	142.9948	697	6.0349	44.3666	141.8358	1.8651	9.2334	105.1802	690776	0	0	760.2185	17.9	45	9	3.6	0.05	5.1	0.0017	48	0.738	0.74	0.01	0.67	6.5	0.324	6.58
PrimeRef_5529-2024	MA	2024	PrimeRef-5529	PrimeRef-5529-2024	PrimeRef-5529	15-Aug-24	Mulpus Brook	42.620052	-71.730728	6075529	59h	59	Ref	0.5877	4.4514	50.513	137.3914	2.2759	14.2075	4.36	6.645	60.4379	2.6575	0.04	0.15	1.98	0.0402	0.2988	110.3559	0.796661601	5.04	0.0024	0.22	100	616.9705	11.4189	4.3226	2.2535	8.88	72.74	0.31	13.48	0.31	0	1038.849214	1045.302266	1190.05933	14.75910098	8.816066549	-10.4041344	18.25513586	119.1729	494	6.44	45.66	73.97	0.79	5.36	139.3	594044	1.15E-06	35.648	845.3093	17.6	386	8.64	25.7	0.3	90	0.0031	19	0.15	0.57	0.012	0.68	230	0.629	6.64
PrimeRef_5537-2022	MA	2022	PrimeRef-5537	PrimeRef-5537-2022	PrimeRef-5537	9/10/22	Unnamed Tributary	42.65207092	-71.75957923	6075537	59h	59	BestRef	2.2311	2.2311	49.0633	187.215	3.6062	14.1858	1.2528	1.7498	72.4715	0.3924	0.0349	0.1025	4.1665	0.0062	0	176.9626	0.82279908	0.07	0.0002	0.2198	99.88	617.5087	11.4346	4.329	2.2572	0.12	93.83	0	4.76	0	0	3126.319005	2904.54179	1196.296241	14.46097983	8.566860528	-10.41137522	17.69357246	69.1486	494	6.44	45.6603	73.97	0.79	5.36	139.3	594044	1.16E-06	1.0774	762.6507	15.8	0.0904	8.5	2.1	0.05	2.1	0.002	37	0.15	0.15	0.005	0.2	37	0.338	5.97
PrimeRef_5994-2023	MA	2023	PrimeRef-5994	PrimeRef-5994-2023	PrimeRef-5994	8/6/23	Unnamed Tributary	42.510998	-73.345406	6185994	58a	58	SubRef	7.6689	7.6689	46.0929	434.2415	1.1793	12.1796	6.1922	5.5325	55.2416	2.4164	0.0448	0.119	2.9808	0.0464	0.0571	99.5407	0.715093259	0.63	0.0229	0.3089	56.58	667.6614	12.6632	4.7717	2.47	1.09	89.14	5.24	0.98	4.85	0.39	7309.821366	5694.668951	1219.828066	12.70597776	6.950820967	-11.66219934	16.77276933	163.2508	399.277	15.01	23.3034	153.55	0.91	5.51	84.39	522929.5694	3.31E-05	16.6805	715.5907	15.5	177	9.84	81.2	0.05	2.9	0.0031	2.5	0.32	0.32	0.005	1.1	88	0.632	7.54
PrimeRef_6221-2023	MA	2023	PrimeRef-6221	PrimeRef-6221-2023	PrimeRef-6221	8/3/23	Middle Branch Westfield River	42.29799	-72.90028	6096221	58e	58	Ref	0.3726	126.7785	44	210.2274	1.2431	12.0397	1.1818	5.8893	66.6957	2.1583	0.0387	0.1243	2.1316	0.0234	0.1654	141.2709	0.880965986	0.05	0	0.2215	100	744.2936	13.9224	5.2516	2.7236	0	88.16	2.66	7.97	2.66	0	379.573831	302.4483581	1231.37293	14.49220042	8.141568412	-11.88454077	20.12961178	145.6493	711	6.44	45.503	73.97	0.79	5.36	139.3	561412	0	0	729.2222	19.3	85	9.65	17.8	0.05	5.5	0.0015	13	0.344	0.34	0.005	0.42	28	0.3	7.06
PrimeRef_6366-2023	MA	2023	PrimeRef-6366	PrimeRef-6366-2023	PrimeRef-6366	8/1/23	Tinkerville Brook	42.0170032	-71.7207131	6116366	59c	59	Ref	4.1778	13.9194	51.9834	164.904	3.1329	14.5333	4.1889	5.5876	64.71	2.499	0.0222	0.121	2.8038	0.003	0.0082	175.5256	0.790890536	1.16	0.0078	0.2331	96.85	626.2503	11.6358	4.3709	2.2511	2.22	79.58	2.52	7.99	2.52	0	6649.938865	6104.237328	1259.448967	14.81162479	9.297794246	-9.440736616	20.3512707	94.3218	700	6.1578	48.1696	114.8788	2.9556	10.1242	135.0101	776153	2.86E-05	127.6161	821.5358	20.1	67	9.38	1	0.05	11	0.001	90	0.838	0.84	0.005	0.88	46	0.194	5.9
PrimeRef_6366-2025	MA	2025	PrimeRef-6366	PrimeRef-6366-2025	PrimeRef-6366	6-Sep-25	Tinkerville Brook	42.0170032	-71.7207131	6116366	59c	59	Ref	4.1778	13.9194	51.9834	164.904	3.1329	14.5333	4.1889	5.5876	64.71	2.499	0.0222	0.121	2.8038	0.003	0.0082	175.5256	0.790890536	1.16	0.0078	0.2331	96.85	626.2503	11.6358	4.3709	2.2511	2.22	79.58	2.52	7.99	2.52	0	6649.938865	6104.237328	1259.448967	14.81162479	9.297794246	-9.440736616	20.3512707	94.3218	700	6.1578	48.1696	114.8788	2.9556	10.1242	135.0101	776153	2.86E-05	127.6161	821.5358	19.4	109.4	7.55	12.3	0.18	19	0.0012	43	0.547	0.73	0.013	1.4	72	0.252	7.18
PrimeRef_6395-2025	MA	2025	PrimeRef-6395	PrimeRef-6395-2025	PrimeRef-6395	7-Sep-25	Pond Brook	42.16782704	-72.94935172	6096395	58e	58	Ref	3.1122	28.0854	43	374.9245	1.3825	13.1072	2.7973	6.7112	61.7805	3.0205	0.0521	0.1356	2.1844	0.0422	0.1552	101.1656	0.883535441	0.08	0	0.2592	100	748.2663	13.9671	5.2618	2.7234	0.09	94.97	0.06	2.81	0.06	0	3101.940597	2447.27446	1339.024392	13.42648586	7.524487492	-11.59855445	18.33219682	131.1593	711	5.73	41.0158	140.4	0.64	7.69	91.06	561412	0	0	747.5804	15.5	59.6	10	21.6	0.05	3.2	0.0066	26	0.424	0.42	0.02	0.56	50	1.14	7.55
PrimeRef_6949-2023	MA	2023	PrimeRef-6949	PrimeRef-6949-2023	PrimeRef-6949	8/6/23	West Branch Farmington River	42.25968084	-73.13270382	6106949	58d	58	BestRef	4.9689	4.9689	43.3264	503.9069	3.025	14.3582	2.2833	4.1509	69.0541	1.1913	0.019	0.1253	2.9369	0.0064	0.1032	140.6314	0.843185793	0.46	0	0.23	91.61	688.096	12.8827	4.8719	2.5356	0.88	85.15	0.04	8.75	0.04	0	5498.5346	4469.556292	1282.301406	12.25058681	7.014641118	-10.94051801	15.72830849	141.9295	693.8919	5.7167	38.877	161.2418	1.0558	9.8017	90.5483	690463.7323	0	0	745.8906	16.1	54.7	9.52	9.2	0.12	3.2	0.0015	29	0.15	0.15	0.005	0.46	30	0.3	6.97
PrimeRef_6965-2023	MA	2023	PrimeRef-6965	PrimeRef-6965-2023	PrimeRef-6965	8/2/23	Hamant Brook	42.0891252	-72.097519	6146965	59b	59	SubRef	2.2626	6.8265	53	225.8035	1.9172	14.8229	3.474	7.318	61.4019	3.0737	0.0616	0.1541	2.3224	0.0353	0.1937	98.962	0.693134166	4.25	0.0043	0.22	83.49	667.0422	12.4291	4.6823	2.4227	8.59	76.37	2.15	10.3	2.15	0	3396.975883	3032.012206	1288.81256	14.23005259	8.789670319	-10.04248226	18.05666934	99.2047	689	5.8006	51.442	83.7872	0.8167	9.562	140.3552	393382	7.42E-06	64.8157	768.2566	19	303	9.5	20	0.19	71	0.0072	140	3	3.2	0.016	3.4	160	1.29	7.17
PrimeRef_7271-2025	MA	2025	PrimeRef-7271	PrimeRef-7271-2025	PrimeRef-7271	7-Sep-25	Sanderson Brook	42.25418274	-72.94869942	6097271	58e	58	Ref	1.8342	11.4003	44	312.5597	1.4131	12.3484	2.3992	6.7274	64.4494	2.791	0.0359	0.1284	1.8629	0.0224	0.1584	150.633	0.804893815	0.22	5.00E-04	0.223	100	798.7787	14.9413	5.6321	2.9178	0.39	95.58	0	0.29	0	0	2011.784545	1644.075547	1260.328357	13.95388432	7.790166562	-11.5288028	17.47503641	141.5385	711	5.9521	42.3829	119.7318	0.6926	6.9735	106.1554	561412	2.22E-06	20.2176	654.2556	14.9	98.8	9.94	18.5	0.1	15	0.0062	11	0.15	0.15	0.005	0.31	96	1.25	7.47
PrimeRef_7599-2024	MA	2024	PrimeRef-7599	PrimeRef-7599-2024	PrimeRef-7599	16-Aug-24	Popple Camp Brook	42.547072	-72.155239	7687599	58g	58	Ref	0.6885	1.6965	49	336.9265	3.3	14.5	2.25	3.85	69.6	1.06	0.01	0.12	2.96	0.0068	0.0253	152.2133	0.768583467	0.52	0.0154	0.21	100	654.8093	12.1767	4.6214	2.4203	0.78	82.62	4.18	6.27	4.18	0	825.0889995	713.39083	1203.265017	13.19559393	7.374103774	-11.30758187	16.99415762	86.9452	497.3294	3.73	57.98	101.49	6.55	9.75	146.3	439717	9.08E-06	243.4312	731.9333	15.6	29	9.19	7.34	0.05	2.3	8.00E-04	20	0.321	0.32	0.03	0.48	19	0.16	7.23
PrimeRef_8122-2024	MA	2024	PrimeRef-8122	PrimeRef-8122-2024	PrimeRef-8122	16-Aug-24	Temple Brook	42.051278	-72.384923	7698122	59b	59	Ref	1.7784	10.9188	56	159.6636	3.1904	14.1688	2.8858	3.9511	68.3641	1.1866	0.0118	0.1196	2.842	0.0067	0.0272	153.5265	0.747588381	1.15	0.0102	0.22	40.64	676.5887	12.5687	4.7428	2.461	2.48	79.05	1.82	9.26	1.67	0.15	2933.792059	2725.52124	1209.959986	14.7562551	9.012873823	-9.628998097	17.6730686	16.3002	679	6.4246	46.1763	74.2461	0.7977	5.4516	139.3028	857306	2.97E-05	268.0971	745.7707	16.7	100	8.83	18.3	0.26	14	8.00E-04	34	0.339	0.6	0.021	1.5	50	0.16	7.37
PrimeRef_8122-2025	MA	2025	PrimeRef-8122	PrimeRef-8122-2025	PrimeRef-8122	9-Sep-25	Temple Brook	42.051278	-72.384923	7698122	59b	59	Ref	1.7784	10.9188	56	159.6636	3.1904	14.1688	2.8858	3.9511	68.3641	1.1866	0.0118	0.1196	2.842	0.0067	0.0272	153.5265	0.747588381	1.15	0.0102	0.22	40.64	676.5887	12.5687	4.7428	2.461	2.48	79.05	1.82	9.26	1.67	0.15	2933.792059	2725.52124	1209.959986	14.7562551	9.012873823	-9.628998097	17.6730686	16.3002	679	6.4246	46.1763	74.2461	0.7977	5.4516	139.3028	857306	2.97E-05	268.0971	745.7707	12.5	117.6	10.47	17.1	0.2	15	0.0023	31	0.461	0.66	0.013	1.1	88	0.461	7.37
PrimeRef_8211-2024	MA	2024	PrimeRef-8211	PrimeRef-8211-2024	PrimeRef-8211	17-Aug-24	South Wachusett Brook	42.44773	-71.920649	6078211	58g	58	Ref	5.4	9.3897	52	308.764	1.6596	14.3748	2.3998	6.8591	60.0908	2.6932	0.0471	0.141	2.564	0.0458	0.2036	88.949	0.772752521	0.94	0.0139	0.2209	98.63	667.2741	12.3868	4.6873	2.4433	1.72	75.24	3.43	13.27	3.43	0	6882.8828	5922.046085	1256.465523	13.46768395	8.037984331	-10.70689994	18.15720315	98.6291	489.3375	6.4272	45.4479	75.2335	0.8758	5.2863	138.7902	593966.8365	5.87E-05	209.503	783.7063	19	52	8.42	11	0.05	7.4	0.002	80	0.782	0.78	0.035	1.5	55	0.396	7.38
PrimeRef_8541-2025	MA	2025	PrimeRef-8541	PrimeRef-8541-2025	PrimeRef-8541	9-Sep-25	Mill Brook	42.70281576	-72.45189591	6778541	59a	59	Ref	24.5925	24.5925	48.6854	254.1454	2.6456	13.6498	3.4293	4.7765	66.0114	1.7304	0.0238	0.1276	2.4966	0.0145	0.0902	139.1552	0.787566908	1.56	0.0043	0.2234	85.14	651.1421	12.1692	4.6043	2.3997	3.2	83.55	2.25	5.88	2.14	0.11	25663.85258	21353.24952	1201.219128	13.95706656	7.941192411	-11.81548025	18.68642803	52.4656	616.9909	4.3646	52.8026	145.4536	2.8617	12.0766	134.1448	385619.369	0.000249775	20.12	751.8795	12.9	124.2	9.56	20.9	0.54	15	0.002	22	0.15	0.54	0.013	1.5	89	0.4	7.11
PrimeRef_8752-2023	MA	2023	PrimeRef-8752	PrimeRef-8752-2023	PrimeRef-8752	8/5/23	City Brook	42.09527631	-73.46534019	6188752	58a	58	BestRef	1.9539	9.6903	47.4993	469.7721	1.0357	12.6385	7.6449	6.2192	52.1957	2.4743	0.0523	0.1272	2.5917	0.0468	0.1212	76.3177	0.833699305	0.64	0.0027	0.31	100	745.7325	13.9714	5.2943	2.7629	1.34	90.56	0.32	3.64	0.32	0	2216.20193	1772.498679	1258.438518	13.20956122	8.17268928	-11.23615836	16.97645555	185.8522	389	15.01	23.3	153.55	0.91	5.51	84.39	522856	6.48E-07	2.8874	706.6149	14.1	115.6	9.8	8	0.05	11	7.00E-04	11	0.15	0.15	0.005	0.77	48	0.144	6.59
PrimeRef_9677_QC-2025	MA	2025	PrimeRef-9677	PrimeRef-9677-QC-2025	PrimeRef-9677-QC	5-Sep-25	Rattlesnake Brook	41.77254787	-71.08494839	6129677	59e	59	Ref	11.1537	11.1537	53.6287	48.1906	3.536	14.2744	1.39	1.9916	72.2866	0.4514	0.0303	0.1	4.4854	0.0036	3.00E-04	188.4991	0.826835702	1.2	0.0014	0.2143	18.72	603.1438	10.7152	4.0054	2.0472	1.89	76.72	0.38	17.91	0.38	0	15970.28235	14092.04343	1242.832602	15.54421831	10.69297107	-6.430864274	19.92218865	14.8901	668.6713	5.7311	50.1691	84.8547	0.8202	10.0189	140.4699	1206994.013	3.52E-05	4.4865	828.5827				3.66	0.05	4.8	0.0039	76	0.486	0.49	0.019	0.73	42	0.783	6.83
PrimeRef_9677-2025	MA	2025	PrimeRef-9677	PrimeRef-9677-2025	PrimeRef-9677	5-Sep-25	Rattlesnake Brook	41.77254787	-71.08494839	6129677	59e	59	Ref	11.1537	11.1537	53.6287	48.1906	3.536	14.2744	1.39	1.9916	72.2866	0.4514	0.0303	0.1	4.4854	0.0036	3.00E-04	188.4991	0.826835702	1.2	0.0014	0.2143	18.72	603.1438	10.7152	4.0054	2.0472	1.89	76.72	0.38	17.91	0.38	0	15970.28235	14092.04343	1242.832602	15.54421831	10.69297107	-6.430864274	19.92218865	14.8901	668.6713	5.7311	50.1691	84.8547	0.8202	10.0189	140.4699	1206994.013	3.52E-05	4.4865	828.5827	18.9	44.1	9.03	4.58	0.05	4.8	0.0052	66	0.523	0.52	0.021	0.77	41	1.05	6.84
PrimeRef_9756-2023	MA	2023	PrimeRef-9756	PrimeRef-9756-2023	PrimeRef-9756	8/6/23	Furnace Brook	42.368004	-73.380574	7709756	58b	58	SubRef	13.6854	15.2883	44.0235	359.7357	0.4865	5.0116	23.5081	2.9284	27.119	2.664	0.0788	0.0977	1.1479	0.0173	0.1188	104.7689	0.705243479	1.49	0.0379	0.2918	95.93	666.3446	12.5538	4.7448	2.467	2.9	72	8.02	10.74	8.02	0	16413.96624	14106.23277	1175.914925	13.29762152	7.260194151	-11.64543606	17.63783831	132.9791	649.9609	13.0188	31.1863	128.09	2.7984	4.7091	121.239	612399.2211	8.61E-05	35.1059	751.7567	14.2	402	10.3	180	0.14	13	0.0034	2.5	0.323	0.46	0.005	0.37	250	0.682	7.88
PrimeStrs_0195-2023	MA	2023	PrimeStrs-0195	PrimeStrs-0195-2023	PrimeStrs-0195	8/4/23	Paull Brook	42.70321	-73.176559	22290195	58b	58	HighStrs	4.9266	8.5122	48.5446	297.0444	0.414	4.3268	23.5275	2.6679	26.3063	3.7201	0.0759	0.0914	0.8925	0.0187	0.1132	115.2069	0.389571812	4.44	0.0893	0.2729	14.14	663.4281	12.7846	4.7811	2.4471	8.46	53.54	26.35	4.28	23.24	3.11	8964.757187	8762.936698	1158.125578	13.25697868	7.517206207	-11.59464764	15.78510439	232.3358	714	10.3341	35.5042	131.7934	2.7837	6.0488	121.2558	410926	6.39E-05	103.9667	731.0588	18	215	10.18	97	0.24	2.7	0.0034	70	0.493	0.73	0.082	43	90	0.697	7.12
PrimeStrs_0204-2023	MA	2023	PrimeStrs-0204	PrimeStrs-0204-2023	PrimeStrs-0204	8/5/23	Unnamed Tributary	42.213175	-73.391263	7710204	58b	58	Strs	22.4532	40.7556	46.8088	312.3433	0.5311	5.6585	21.3656	3.2653	28.5439	4.4263	0.0734	0.0954	1.146	0.0279	0.1277	103.602	0.578582391	1.04	0.0632	0.2794	97.33	671.7824	12.6196	4.7747	2.4863	2.05	68.5	16.26	8.13	15.56	0.7	26779.89224	22897.69613	1149.133681	13.81350391	7.792468223	-11.40260936	19.11399708	141.2419	667	11.295	33.8912	131.0793	2.7533	5.9706	120.5334	612411	0.000207817	73.5671	741.5885	18.6	388	9.49	109	0.44	14	0.0049	2.5	6.57	7	0.011	0.68	150	0.985	7.52
PrimeStrs_0213_QC-2023	MA	2023	PrimeStrs-0213	PrimeStrs-0213-QC-2023	PrimeStrs-0213-QC	8/4/23	Green River	42.670541	-73.234217	22290213	58b	58	Strs	4.563	82.2249	47.946	286.4691	0.3754	3.5301	26.352	2.3052	22.2028	2.9202	0.0836	0.0916	0.8798	0.0116	0.1244	110.3412	0.376853744	3.03	0.1186	0.2794	26.15	620.8919	11.9564	4.4783	2.2974	5.11	43.53	37.05	0.55	35.33	1.72	6177.773847	5264.453019	1133.927881	13.32647934	7.521539116	-11.73573962	17.26913775	209.3476	714	11.901	34.3354	121.5171	3.3443	4.7506	131.8436	410926	8.11E-05	139.3868	746.1886	17	185	11.3	65	0.17	10	0.0045	26	0.15	0.46	0.022	7	89	0.905	7.33
PrimeStrs_0213-2023	MA	2023	PrimeStrs-0213	PrimeStrs-0213-2023	PrimeStrs-0213	8/4/23	Green River	42.670541	-73.234217	22290213	58b	58	Strs	4.563	82.2249	47.946	286.4691	0.3754	3.5301	26.352	2.3052	22.2028	2.9202	0.0836	0.0916	0.8798	0.0116	0.1244	110.3412	0.376853744	3.03	0.1186	0.2794	26.15	620.8919	11.9564	4.4783	2.2974	5.11	43.53	37.05	0.55	35.33	1.72	6177.773847	5264.453019	1133.927881	13.32647934	7.521539116	-11.73573962	17.26913775	209.3476	714	11.901	34.3354	121.5171	3.3443	4.7506	131.8436	410926	8.11E-05	139.3868	746.1886	16.1	180	11.15	61.6	0.17	9.9	0.0041	20	0.447	0.62	0.025	7.5	76	0.832	7.31
PrimeStrs_0238-2023	MA	2023	PrimeStrs-0238	PrimeStrs-0238-2023	PrimeStrs-0238	8/5/23	Whiting River	42.052793	-73.241032	7710238	58d	58	SomeStrs	6.8814	34.2198	47.9652	328.3112	1.701	11.3072	3.9116	4.3146	66.286	1.9529	0.0197	0.1165	1.9343	0.008	0.1087	174.8149	0.734937973	0.6	0.0199	0.2436	100	712.2891	13.2771	5.0272	2.6208	0.85	78.4	6.71	6.91	5.65	1.06	8104.22532	6770.500971	1209.318826	13.64004076	7.863989179	-10.94160323	18.69267781	145.9666	667	5.9767	42.4493	145.9695	1.7854	10.0937	109.11	612411	1.99E-05	24.2802	732.0524	20.6	102	8.55	36	0.1	5.4	0.002	38	0.434	0.53	0.011	1.5	51	0.402	7.03
PrimeStrs_0331-2024	MA	2024	PrimeStrs-0331	PrimeStrs-0331-2024	PrimeStrs-0331	13-Aug-24	Mill River	42.739681	-70.89903	5860331	59f	59	Strs	3.2472	33.3117	53.1843	14.5346	2.4962	14.154	5.1829	4.9645	60.007	2.7654	0.0443	0.1887	2.3836	0.041	0.0691	103.3786	0.590330648	7.12	0.0188	0.2866	0	611.2347	11.0727	4.1566	2.1384	14.58	36.86	3.63	36.5	3.63	0	7360.176818	6929.582174	1250.489724	14.64998508	9.237289288	-7.451524436	19.97000818	13.9136	509	9.7776	54.0984	103.8122	1.4009	22.9482	147.6897	2004387	5.30E-05	350.2796	851.0754	22	462	2.11	63.4	0.11	78	0.0012	42	0.422	0.53	0.027	1.1	230	0.252	7.65
PrimeStrs_0387-2022	MA	2022	PrimeStrs-0387	PrimeStrs-0387-2022	PrimeStrs-0387	9/8/22	Dry Brook	42.60754542	-73.12540686	22290387	58b	58	Strs	24.0975	27.2718	46.0739	482.0214	1.3135	11.0754	8.7771	5.2908	53.0557	2.4185	0.0481	0.1197	2.0783	0.0249	0.1097	115.2377	0.572875924	2.08	0.0608	0.2547	100	669.4343	12.7563	4.7936	2.4715	4.2	65.86	20.14	5.18	19.93	0.21	31519.28728	27161.70524	1305.084071	12.25054579	6.789479732	-11.71635873	17.10313431	166.3205	713.2703	8.9738	37.82	119.3695	2.5946	5.3396	124.7089	411066.7911	0.000194891	73.0077	735.0579				94.3	0.14	19	0.001	26	0.302	0.44	0.005	0.29	140	0.191	8
PrimeStrs_0917-2025	MA	2025	PrimeStrs-0917	PrimeStrs-0917-2025	PrimeStrs-0917	10-Sep-25	Fort River	42.37683842	-72.49492563	6780917	59a	59	Strs	6.1533	59.8158	50.2608	66.4716	0.6966	10.167	1.272	3.0595	69.6124	1.3985	0.0617	0.1241	2.5694	0.0672	0.0945	86.7232	0.4294165	17.41	0.0328	0.2773	0	755.7711	14.0472	5.3483	2.815	31.08	17.94	10.78	21.91	9.87	0.91	31957.40073	36913.42439	1180.630745	15.3191877	9.204002901	-10.16504334	20.30914348	127.1334	616	10.172	51.3179	99.158	1.258	18.9087	146.6493	385693	0.000148677	37.0021	902.8975	13.6	160.2	9.39	24.2	0.19	21	0.0014	22	0.532	0.72	0.01	1.3	91	0.275	6.91
PrimeStrs_1863-2023	MA	2023	PrimeStrs-1863	PrimeStrs-1863-2023	PrimeStrs-1863	8/3/23	North Branch Manhan River	42.29977505	-72.74292555	6781863	58e	58	HighStrs	1.386	32.3487	47.5948	141.343	1.4559	11.8381	8.2467	5.9164	51.4242	2.752	0.059	0.1328	1.9504	0.0315	0.2395	93.3819	0.362900516	1.75	0.0806	0.2199	79.74	677.9776	12.6431	4.7841	2.4937	3.51	54.48	29.8	9.42	27.92	1.88	4133.407134	3915.990804	1199.520235	14.86759576	8.741569416	-10.8411036	19.13047214	156.6622	616	6.44	45.6627	73.97	0.79	5.36	139.3	385693	0.000107937	121.1688	813.6734	15.7	167	10.13	26	0.59	18	0.0095	14	0.424	1	0.005	0.56	54	1.92	7.01
PrimeStrs_1863-2025	MA	2025	PrimeStrs-1863	PrimeStrs-1863-2025	PrimeStrs-1863	7-Sep-25	North Branch Manhan River	42.29977505	-72.74292555	6781863	58e	58	Strs	1.386	32.3487	47.5948	141.343	1.4559	11.8381	8.2467	5.9164	51.4242	2.752	0.059	0.1328	1.9504	0.0315	0.2395	93.3819	0.362900516	1.75	0.0806	0.2199	79.74	677.9776	12.6431	4.7841	2.4937	3.51	54.48	29.8	9.42	27.92	1.88	4133.407134	3915.990804	1199.520235	14.86759576	8.741569416	-10.8411036	19.13047214	156.6622	616	6.44	45.6627	73.97	0.79	5.36	139.3	385693	0.000107937	121.1688	813.6734	15.8	140.2	9.82	29.7	0.47	19	8.00E-04	18	0.4	0.87	0.013	1	100	0.165	7.45
PrimeStrs_3013-2024	MA	2024	PrimeStrs-3013	PrimeStrs-3013-2024	PrimeStrs-3013	14-Aug-24	Sudbury River	42.334902	-71.394422	6773013	59d	59	Strs	7.6014	282.5694	58.4625	48.5748	2.5743	14.1951	6.4979	8.9436	55.6421	4.5373	0.042	0.2238	1.5302	0.0132	0.6036	138.0799	0.579209237	18.12	0.0067	0.1673	0	594.0641	10.8836	4.0839	2.1004	34.9	17.02	0.97	21.58	0.97	0	40843.8355	44876.77865	1223.867464	15.57247375	9.56384423	-8.364515569	20.88448783	65.6672	609	3.6921	61.0843	115.8884	0.7818	23.4313	122.217	907248	0.000119882	33.3634	837.739	24.8	353	8.37	27.7	0.15	89	9.00E-04	22	0.363	0.51	0.023	1.2	210	0.186	7.06
PrimeStrs_3361-2023	MA	2023	PrimeStrs-3361	PrimeStrs-3361-2023	PrimeStrs-3361	8/2/23	Millers River	42.677886	-72.061585	9343361	58g	58	Strs	4.5675	143.9109	47.997	286.3423	1.6431	14.9085	2.8739	7.5859	60.9254	3.1998	0.0672	0.153	2.4765	0.0395	0.1729	88.7489	0.601923098	8.48	0.0063	0.2061	23.15	650.7462	12.0977	4.5906	2.4025	17.3	57.2	2.98	11.8	2.98	0	8554.48546	8569.752618	1195.427152	13.52269973	7.458439777	-12.71351721	20.09829889	46.2136	641	3.5783	59.9394	105.3691	5.9354	12.2228	146.2725	301861	2.58E-05	103.5311	821.4638	22.2	157	8.44	1	0.05	28	0.0028	130	0.15	0.15	0.025	3.2	66	0.569	6.27
PrimeStrs_3543-2024	MA	2024	PrimeStrs-3543	PrimeStrs-3543-2024	PrimeStrs-3543	17-Aug-24	Otter River	42.588212	-72.040881	9343543	58g	58	Strs	4.0779	88.002	50.0947	298.5268	1.545	14.856	2.2869	7.3003	61.3095	2.9721	0.0674	0.1509	2.6411	0.042	0.1766	82.037	0.624894662	3.93	0.0227	0.1898	8.63	651.2093	12.11	4.5863	2.3938	8.47	48.13	6.49	24.88	6.49	0	7967.279826	8036.702909	1196.215237	13.51969907	7.42687307	-12.49024497	19.8362907	86.8092	641	2.6777	67.7057	129.671	1.9288	27.6579	145.7471	301861	7.26E-05	326.5996	783.4734	20.6	255	8.55	17.5	0.65	66	0.0014	260	0.797	1.4	0.048	4.5	180	0.291	6.37
PrimeStrs_3779-2022	MA	2022	PrimeStrs-3779	PrimeStrs-3779-2022	PrimeStrs-3779	9/11/22	Mill River	42.19325396	-70.95954158	5863779	59c	59	HighStrs	4.3632	16.2747	51.8828	38.4859	3.5389	15.0795	2.9675	3.7526	67.1391	1.3424	0.0366	0.1416	3.8616	0.0041	0.0003	180.3828	0.500532895	41.09	0.0005	0.1892	47.59	572.6695	10.1586	3.7918	1.9335	64.7	10.73	0.04	10.97	0.04	0	33123.55102	37652.03789	1263.62222	15.45458408	10.26888966	-7.015841569	21.12549067	7.1684	509	4.9828	55.6172	99.9526	1.4266	14.0508	138.654	2004387	0	0	882.3084	19.3	0.492	7.4	17.7	0.18	99	0.002	260	0.753	0.93	0.047	2.6	290	0.286	6.65
PrimeStrs_3779-2025	MA	2025	PrimeStrs-3779	PrimeStrs-3779-2025	PrimeStrs-3779	5-Sep-25	Mill River	42.19325396	-70.95954158	5863779	59c	59	Strs	4.3632	16.2747	51.8828	38.4859	3.5389	15.0795	2.9675	3.7526	67.1391	1.3424	0.0366	0.1416	3.8616	0.0041	3.00E-04	180.3828	0.500532895	41.09	5.00E-04	0.1892	47.59	572.6695	10.1586	3.7918	1.9335	64.7	10.73	0.04	10.97	0.04	0	33123.55102	37652.03789	1263.62222	15.45458408	10.26888966	-7.015841569	21.12549067	7.1684	509	4.9828	55.6172	99.9526	1.4266	14.0508	138.654	2004387	0	0	882.3084	18.4	503	8.68	31.7	0.41	98	0.0011	56	0.723	1.1	0.053	4.2	270	0.232	7.23
PrimeStrs_3785-2024	MA	2024	PrimeStrs-3785	PrimeStrs-3785-2024	PrimeStrs-3785	17-Aug-24	Otter River	42.602529	-72.071799	9343785	58g	58	Strs	10.2843	118.656	49.8418	290.2234	1.4857	14.7706	2.2338	7.42	60.4927	3.0495	0.0622	0.1469	2.6425	0.0432	0.1607	83.0517	0.51637526	14.13	0.0112	0.1935	66.44	649.5887	12.0829	4.5764	2.3889	26.83	36.89	5	20.02	5	0	21785.76442	21911.42083	1194.872511	13.56048523	7.454777587	-12.58733696	20.14861438	86.6654	641	2.984	65.4696	120.561	3.517	21.9072	146.1649	301861	0.000106682	190.0337	857.5301	21.2	245	9.12	18.2	0.53	60	0.0037	120	0.782	1.3	0.041	5	180	0.746	6.71
PrimeStrs_4293-2025	MA	2025	PrimeStrs-4293	PrimeStrs-4293-2025	PrimeStrs-4293	6-Sep-25	French River	42.1629	-71.8879	6144293	59c	59	Strs	4.7124	62.2989	53	208.4158	2.6105	14.809	2.0806	4.573	65.9404	1.5963	0.0461	0.1272	3.1195	0.0296	0.0052	136.4775	0.60328666	15.14	0.01	0.1984	31.17	671.6083	12.4728	4.6997	2.4327	24.88	53.93	2.81	4.98	2.81	0	10771.23661	10719.48508	1236.044983	14.35434096	8.821166517	-10.10683723	19.85850592	88.7032	690.292	5.0154	54.9383	97.6235	1.1378	14.2873	140.6298	394113.0371	3.32E-05	133.3734	794.4383	18.7	490.5	9.05	44.8	0.16	80	0.0033	28	0.515	0.68	0.018	1.2	300	0.66	7.32
PrimeStrs_4305-2025	MA	2025	PrimeStrs-4305	PrimeStrs-4305-2025	PrimeStrs-4305	6-Sep-25	Cady Brook	42.144748	-71.993801	6144305	59c	59	Strs	13.0239	13.0239	53.7435	258.7962	2.278	14.2068	4.367	6.6435	60.4385	2.6569	0.04	0.15	1.9785	0.0402	0.2989	110.4507	0.512982782	9.2	0.0279	0.2197	99.79	680.0235	12.6397	4.7693	2.4744	17.33	47.13	7.76	11.53	7.55	0.21	29681.96862	28952.57904	1248.535592	13.90883404	8.732200865	-9.438069279	18.43074989	89.8852	689	6.44	45.6692	73.97	0.79	5.36	139.3	393420.4231	0.000254381	373.8856	788.1667	20.4	637	8.22	30.8	0.15	140	0.0045	14	0.453	0.6	0.01	0.54	300	0.914	6.91
PrimeStrs_4828-2023	MA	2023	PrimeStrs-4828	PrimeStrs-4828-2023	PrimeStrs-4828	8/4/23	Mill Brook	42.627948	-72.87238	10294828	58c	58	SomeStrs	2.5263	30.9177	45.0509	294.7364	2.0293	13.8216	4.8793	8.2038	58.2639	3.915	0.0366	0.15	1.5493	0.0294	0.3167	144.6187	0.600486201	2.9	0.017	0.23	100	646.6723	12.3012	4.6164	2.3756	4.98	83.47	7.23	0.21	7.23	0	3556.953713	3016.81937	1251.630426	13.29679614	7.311507214	-11.75411459	17.71158814	156.3966	862	5.71	38.76	162.12	1.04	9.88	90.01	403818	8.25E-05	67.3892	699.5294	15.1	99.5	9.84	12.6	0.12	6.6	0.0026	7	0.15	0.15	0.005	0.54	36	0.476	6.61
PrimeStrs_4829-2025	MA	2025	PrimeStrs-4829	PrimeStrs-4829-2025	PrimeStrs-4829	6-Sep-25	French River	42.046598	-71.886958	6144829	59c	59	Strs	3.4353	155.9394	52	147.2053	2.775	14.2015	4.9374	4.3676	63.1351	1.8015	0.0385	0.1323	2.7486	0.0131	0.0801	131.4253	0.437321378	50.09	0	0.1814	19.47	651.8586	12.1511	4.5688	2.3564	71.58	16.53	0	1.67	0	0	34404.39386	42414.70723	1204.424423	14.91188011	8.995437365	-10.30678559	20.85157979	86.1388	689	2.3535	71.4584	136.7218	0.9606	32.2161	146.0415	393382	0	0	814.5303	20.4	356	7.68	33.9	0.33	62	0.0015	16	0.496	0.83	0.017	0.83	170	0.303	6.78
PrimeStrs_4874-2024	MA	2024	PrimeStrs-4874	PrimeStrs-4874-2024	PrimeStrs-4874	13-Aug-24	Bartlett Brook	42.704423	-71.223687	6744874	59h	59	Strs	3.9582	17.793	53.8402	33.3938	1.1974	12.8599	0.8179	5.6789	65.6021	2.0354	0.0482	0.1257	2.793	0.0393	0.0706	105.4242	0.542977942	27.86	0.0059	0.2153	51.84	599.117	10.9898	4.1384	2.1396	52.45	17.72	1.8	14.71	1.8	0	19646.08357	21201.19079	1182.076352	15.15207207	9.22763067	-9.458890296	20.45376278	73.7433	550	5.9945	49.3852	80.8097	0.8073	8.2876	140.0352	525943	3.16E-05	161.64	846.5521	21	380	9.16	53.7	0.24	71	0.0039	47	0.744	0.98	0.041	0.75	250	0.783	7.69
PrimeStrs_4942-2023	MA	2023	PrimeStrs-4942	PrimeStrs-4942-2023	PrimeStrs-4942	8/4/23	Clesson Brook	42.61318373	-72.76875885	10294942	58f	58	Strs	12.6999	47.2959	46.1652	277.1685	1.6333	12.4402	6.0369	6.016	56.3773	2.6068	0.0506	0.1332	2.0406	0.0289	0.2228	106.5713	0.537702278	1.62	0.0382	0.2596	61.57	646.899	12.2103	4.5979	2.3787	3.32	77.24	13.83	1.3	11.87	1.96	20836.52533	18668.34122	1267.957279	13.47004873	7.446416129	-11.59997912	18.12492034	154.992	862	5.5408	42.7181	140.1968	0.6588	9.0644	94.1386	403818	0.000829804	136.6279	696.7937	15.7	221	10.02	37.6	0.3	21	0.0029	5	0.301	0.6	0.005	1	96	0.583	6.93
PrimeStrs_4946-2023	MA	2023	PrimeStrs-4946	PrimeStrs-4946-2023	PrimeStrs-4946	8/3/23	Dragon Brook	42.57552738	-72.68265163	10294946	58f	58	Strs	14.1696	16.8804	47.8016	224.6896	1.4876	12.3681	6.3843	6.2961	54.9656	2.928	0.0527	0.1317	2.0182	0.0321	0.2115	102.915	0.4509362	2.1	0.048	0.2248	96.49	653.2162	12.2616	4.631	2.4069	4.44	67.69	19.08	2.34	19.08	0	26760.80861	24368.52021	1255.703888	13.80394197	7.681578291	-11.50626278	17.39834434	146.86	862	6.4096	45.4194	76.8139	0.7833	5.4597	137.2348	403818	0.00132185	193.1843	721.8047	17.6	233	10.39	66	0.24	22	2.00E-04	12	0.15	0.15	0.005	0.76	120	0.039	7.75
PrimeStrs_4990_QC-2022	MA	2022	PrimeStrs-4990	PrimeStrs-4990-QC-2022	PrimeStrs-4990-QC	9/9/22	South River	42.52224973	-72.7803288	10294990	58f	58	HighStrs	4.527	7.2621	47.0054	365.4988	1.4803	11.712	8.7876	5.868	50.635	2.7721	0.06	0.1331	1.8901	0.0305	0.2492	92.9762	0.386342289	2.73	0.0611	0.26	100	661.8825	12.4405	4.6933	2.435	5.37	66.75	19.48	2.41	19.48	0	9224.595041	8486.132888	1302.192344	13.03920402	7.153392581	-11.58099434	16.40943188	149.5416	862	5.7306	41.084	140.3472	0.6403	7.6881	91.0984	403818	0.000461205	218.7856	713.1334				49.1	0.51	59	0.002	11	0.15	0.51	0.01	1.1	140	0.35	7.4
PrimeStrs_4990-2022	MA	2022	PrimeStrs-4990	PrimeStrs-4990-2022	PrimeStrs-4990	9/9/22	South River	42.52224973	-72.7803288	10294990	58f	58	HighStrs	4.527	7.2621	47.0054	365.4988	1.4803	11.712	8.7876	5.868	50.635	2.7721	0.06	0.1331	1.8901	0.0305	0.2492	92.9762	0.386342289	2.73	0.0611	0.26	100	661.8825	12.4405	4.6933	2.435	5.37	66.75	19.48	2.41	19.48	0	9224.595041	8486.132888	1302.192344	13.03920402	7.153392581	-11.58099434	16.40943188	149.5416	862	5.7306	41.084	140.3472	0.6403	7.6881	91.0984	403818	0.000461205	218.7856	713.1334				48.8	0.5	54	0.002	12	0.15	0.5	0.005	1.5	170	0.379	7.4
PrimeStrs_5395-2024	MA	2024	PrimeStrs-5395	PrimeStrs-5395-2024	PrimeStrs-5395	15-Aug-24	Not Available	42.675028	-71.5821	6075395	59h	59	Strs	7.6464	157.302	49.986	80.265	1.5257	13.9267	1.1031	6.0391	64.2234	2.3126	0.04	0.1313	2.7666	0.0364	0.2164	92.1264	0.334681811	9.57	0.0614	0.2379	2.4	603.1742	11.145	4.2125	2.1908	18.63	42.95	20.21	8.48	19.16	1.05	30710.2373	31572.06982	1186.152682	15.0976788	8.925653302	-10.7017065	21.48193402	14.5097	494	5.5357	56.3783	140.4863	1.929	21.0356	129.7003	594044	0.001239352	332.5162	815.1022	21.1	110	9.62	19.3	0.13	20	0.005	24	0.319	0.45	0.012	0.84	84	1.02	6.96
PrimeStrs_5477-2023	MA	2023	PrimeStrs-5477	PrimeStrs-5477-2023	PrimeStrs-5477	8/2/23	Unnamed Tributary	42.633273	-71.906434	6075477	58g	58	Strs	5.3145	12.0051	49.8356	344.2221	1.1775	14.5004	0.98	7.095	59.645	2.755	0.0525	0.135	2.9675	0.0504	0.1369	71.8914	0.564188772	6.71	0.0136	0.23	0.05	653.635	12.1271	4.5976	2.4027	12.99	67.13	4.23	4.81	4.23	0	9944.965384	9838.988485	1256.476867	13.18436546	7.455774777	-10.96951729	18.43101181	91.6624	505.3268	6.21	42.19	96.6	2.22	4.04	130.17	593796.597	5.45E-05	197.6682	752.2432	18.5	150	8.91	9.4	0.15	24	0.0016	44	2.51	2.7	0.011	1.6	55	0.327	6.62
PrimeStrs_5749_QC-2024	MA	2024	PrimeStrs-5749	PrimeStrs-5749-QC-2024	PrimeStrs-5749-QC	12-Aug-24	Catacoonamug Brook	42.553083	-71.669474	6075749	59h	59	Strs	1.2348	37.1853	53	101.6483	1.1775	14.5004	0.98	7.095	59.645	2.755	0.0525	0.135	2.9675	0.0504	0.1369	71.8914	0.770372945	9.29	0	0.188	0	614.6323	11.3853	4.2868	2.2169	16.84	51.96	0	23.76	0	0	2235.923091	2197.966818	1185.341385	15.09071214	9.083462877	-10.19978117	19.51340414	13.7099	494	6.1508	51.3164	78.4099	0.8009	7.2604	139.7772	594044	0	0	778.3484	26	285	7.7	38.4	0.05	46	0.0028	12	0.424	0.42	0.012	0.82	120	0.569	7.22
PrimeStrs_5749-2024	MA	2024	PrimeStrs-5749	PrimeStrs-5749-2024	PrimeStrs-5749	12-Aug-24	Catacoonamug Brook	42.553083	-71.669474	6075749	59h	59	Strs	1.2348	37.1853	53	101.6483	1.1775	14.5004	0.98	7.095	59.645	2.755	0.0525	0.135	2.9675	0.0504	0.1369	71.8914	0.770372945	9.29	0	0.188	0	614.6323	11.3853	4.2868	2.2169	16.84	51.96	0	23.76	0	0	2235.923091	2197.966818	1185.341385	15.09071214	9.083462877	-10.19978117	19.51340414	13.7099	494	6.1508	51.3164	78.4099	0.8009	7.2604	139.7772	594044	0	0	778.3484	25.9	284	7.71	38.7	0.05	45	0.0028	17	0.546	0.55	0.011	0.75	130	0.576	7.17
PrimeStrs_5773-2024	MA	2024	PrimeStrs-5773	PrimeStrs-5773-2024	PrimeStrs-5773	12-Aug-24	Catacoonamug Brook	42.543979	-71.656803	6075773	59h	59	Strs	0.4347	49.6683	53.5321	97.5377	1.1775	14.5004	0.98	7.095	59.645	2.755	0.0525	0.135	2.9675	0.0504	0.1369	71.8914	0.606448986	33.25	0	0.1955	0	614.1068	11.3695	4.2801	2.2128	52.17	30.43	4.97	6	4.97	0	1839.63949	2008.780619	1186.264789	15.12380792	9.114523884	-10.30000019	19.75109138	23.7692	494	3.5496	65.8751	130.734	1.9736	27.4336	144.3279	594044	1.17E-05	55.2996	748.5424	22.01	272.6	7.5	38	0.05	52	0.0042	43	0.497	0.5	0.026	1.2	140	0.859	7.24
PrimeStrs_5799-2023	MA	2023	PrimeStrs-5799	PrimeStrs-5799-2023	PrimeStrs-5799	7/31/23	Smith Brook	42.525246	-71.890493	6075799	58g	58	Strs	1.8459	5.5971	51	300.8397	1.6783	14.4954	1.769	6.5405	61.4897	2.4846	0.0473	0.1375	2.7926	0.0422	0.1569	88.8448	0.577918041	3.84	0.0301	0.2263	63.29	658.3814	12.226	4.621	2.4043	7.7	63.63	5.12	10.87	5.12	0	3350.755562	3098.360301	1240.19134	13.56954787	8.07687706	-10.63549491	18.80188545	108.0699	494	6.355	44.3019	82.3335	1.2955	4.8722	135.9258	594044	2.42E-05	249.6921	791.6875	19.3	234	7.42	9	0.11	52	0.001	44	0.34	0.45	0.005	1	110	0.184	6.18
PrimeStrs_5837-2022	MA	2022	PrimeStrs-5837	PrimeStrs-5837-2022	PrimeStrs-5837	9/10/22	Fall Brook	42.51134515	-71.73723243	6075837	59h	59	HighStrs	4.194	19.359	53	128.4281	2.2759	14.2075	4.36	6.645	60.4379	2.6575	0.04	0.15	1.98	0.0402	0.2988	110.3559	0.477666427	43.13	0.0046	0.1956	19.12	621.8107	11.5235	4.3448	2.2518	67.96	13.82	0.9	6.85	0.79	0.11	19511.83117	22079.22744	1179.776369	15.02993866	9.102670299	-10.23487127	18.19648519	87.0027	494	3.6582	63.936	116.6793	0.9039	23.6426	143.5729	594044	1.17E-05	50.6666	789.1663	17.4	0.699	9.8	27.4	0.74	170	0.008	8	0.15	0.74	0.005	0.34	380	1.69	7.9
PrimeStrs_5837-2025	MA	2025	PrimeStrs-5837	PrimeStrs-5837-2025	PrimeStrs-5837	8-Sep-25	Fall Brook	42.51134515	-71.73723243	6075837	59h	59	Strs	4.194	19.359	53	128.4281	2.2759	14.2075	4.36	6.645	60.4379	2.6575	0.04	0.15	1.98	0.0402	0.2988	110.3559	0.477666427	43.13	0.0046	0.1956	19.12	621.8107	11.5235	4.3448	2.2518	67.96	13.82	0.9	6.85	0.79	0.11	19511.83117	22079.22744	1179.776369	15.02993866	9.102670299	-10.23487127	18.19648519	87.0027	494	3.6582	63.936	116.6793	0.9039	23.6426	143.5729	594044	1.17E-05	50.6666	789.1663	15	649	10.12	35.8	0.73	150	0.0035	12	0.15	0.73	0.013	0.5	360	0.713	7.36
PrimeStrs_5968-2023	MA	2023	PrimeStrs-5968	PrimeStrs-5968-2023	PrimeStrs-5968	8/6/23	Unnamed Tributary	42.538694	-73.333349	6185968	58a	58	SomeStrs	25.7427	50.8248	45.4821	405.8691	1.048	10.6464	9.6267	5.0496	49.7987	2.6334	0.0546	0.1154	2.3881	0.0434	0.0659	103.0551	0.656285713	1.65	0.0482	0.2897	43.28	660.7147	12.5649	4.7314	2.4466	3.22	74.76	15.34	3.28	12.93	2.41	25769.77714	20312.03292	1199.539625	12.86840333	7.126699002	-11.91982321	18.22195927	159.5907	396.5519	12.9882	29.9932	142.0922	1.6966	7.3506	107.2843	522890.4406	0.000244289	42.8258	738.9712	14.4	213	10.23	56.2	0.56	23	0.0029	6	0.503	1.1	0.005	0.51	100	0.593	7.32
PrimeStrs_6009-2022	MA	2022	PrimeStrs-6009	PrimeStrs-6009-2022	PrimeStrs-6009	9/9/22	Meadow Brook	42.46184905	-72.88943792	6096009	58c	58	Strs	3.2616	10.8963	45.8035	365.1481	1.2415	11.9334	1.1867	5.8274	66.9736	2.1258	0.0377	0.1237	2.1077	0.0227	0.1619	144.5012	0.520594141	1.6	0.0395	0.23	100	680.0781	12.7989	4.8231	2.4978	3.18	68.6	13.02	9.82	13.02	0	7115.223082	6449.860111	1227.106156	13.20006774	7.072656138	-11.58832815	17.07979966	125.4247	711	6.21	42.19	96.6	2.22	4.04	130.17	561412	9.97E-05	48.6649	755.915				25.1	0.24	17	0.005	18	0.407	0.65	0.011	1	110	1.07	7.3
PrimeStrs_6232-2024	MA	2024	PrimeStrs-6232	PrimeStrs-6232-2024	PrimeStrs-6232	12-Aug-24	Merrimack River	42.628174	-71.347754	6746232	59h	59	Strs	11.5128	10686.4038	54.07	43.0078	2.4384	13.9177	2.2589	4.3793	66.0017	1.636	0.0382	0.123	3.0279	0.0222	0.0576	131.1568	0.45686555	46.3	0	0.1745	23.05	624.671	11.4708	4.3272	2.2434	71.62	6.07	0.26	3.19	0.26	0	119157.1255	142169.5942	1179.945523	15.19226349	9.193532184	-9.800789564	22.82935959	59.1973	568.8411	4.1131	59.3498	111.5925	1.0286	20.7556	125.186	526926.6667	0	0	921.706	23.5	753	7.54	42.6	0.28	170	0.003	190	1.42	1.7	0.101	5.8	400	0.615	6.99
PrimeStrs_6327-2022	MA	2022	PrimeStrs-6327	PrimeStrs-6327-2022	PrimeStrs-6327	9/10/22	Kettle Brook	42.24010242	-71.879113	166196327	59b	59	HighStrs	0.9639	17.7741	53.1279	234.6711	2.2759	14.2075	4.36	6.645	60.4379	2.6575	0.04	0.15	1.98	0.0402	0.2988	110.3559	0.626994461	13.16	0	0.22	100	669.3221	12.4177	4.6845	2.4295	25.77	43.04	0.37	12.51	0.37	0	2905.718626	2959.38028	1228.691061	14.05303759	8.852309339	-9.740429315	18.38496729	93.0232	700	6.44	45.8002	73.97	0.79	5.36	139.3	776153	0	0	780.5612	18.1	0.269	10.2	24.7	0.1	61	0.001	26	0.365	0.46	0.016	1	170	0.269	6.88
PrimeStrs_6327-2025	MA	2025	PrimeStrs-6327	PrimeStrs-6327-2025	PrimeStrs-6327	6-Sep-25	Kettle Brook	42.24010242	-71.879113	166196327	59b	59	Strs	0.9639	17.7741	53.1279	234.6711	2.2759	14.2075	4.36	6.645	60.4379	2.6575	0.04	0.15	1.98	0.0402	0.2988	110.3559	0.626994461	13.16	0	0.22	100	669.3221	12.4177	4.6845	2.4295	25.77	43.04	0.37	12.51	0.37	0	2905.718626	2959.38028	1228.691061	14.05303759	8.852309339	-9.740429315	18.38496729	93.0232	700	6.44	45.8002	73.97	0.79	5.36	139.3	776153	0	0	780.5612	20.3	304	8.07	28.5	0.12	62	0.0014	28	0.43	0.55	0.022	0.83	240	0.287	7.21
PrimeStrs_6443-2024	MA	2024	PrimeStrs-6443	PrimeStrs-6443-2024	PrimeStrs-6443	14-Aug-24	Stony Brook	42.385556	-71.28957	5866443	59h	59	Strs	0.7002	27.7506	57.6118	50.8547	2.8895	14.8495	8.0396	10.0786	51.6908	5.3342	0.0493	0.2707	1.2491	0.0153	0.7094	131.9989	0.700227765	12.49	0	0.22	57.2	600.039	10.9609	4.1081	2.1089	25.71	28.41	0.13	10.03	0.13	0	3422.23894	3643.342152	1207.257826	15.40472262	9.547450484	-8.12133702	19.50844008	11.394	509	6.44	45.6927	73.97	0.79	5.36	139.3	2004387	0	0	727.6658	18.1	347	8.49	43	0.97	74	8.00E-04	37	0.416	1.4	0.046	1.5	220	0.171	6.96
PrimeStrs_6827-2024	MA	2024	PrimeStrs-6827	PrimeStrs-6827-2024	PrimeStrs-6827	14-Aug-24	Chicken Brook	42.151512	-71.426764	5866827	59c	59	Strs	0.9828	17.2872	58	70.235	3.5574	14.1973	1.2861	2.157	72.2506	0.4706	0.0267	0.0867	4.5077	0.0034	1.00E-04	188.6766	0.466170143	11.37	0.0231	0.19	53.85	604.1864	11.0724	4.1548	2.1366	23.07	37.83	7.33	12	7.33	0	4403.407338	4785.552628	1243.478038	15.70013631	9.677691813	-9.556227321	19.83789534	87.6189	509	4.99	55.7	99.95	1.45	13.98	139.56	2004387	9.09E-05	174.1653	825.6868	23.7	282	7.62	37.9	0.1	65	0.0034	48	1.34	1.4	0.053	1.7	170	0.697	7.03
PrimeStrs_6977-2022	MA	2022	PrimeStrs-6977	PrimeStrs-6977-2022	PrimeStrs-6977	9/11/22	Charles River	42.11904581	-71.45397389	5866977	59c	59	HighStrs	0.1503	57.8538	57	62.8853	3.54	14.2833	1.39	1.99	72.3	0.45	0.03	0.1	4.49	0.0034	0.0001	188.6766	0.591556041	28.9	0	0.1895	0	612.5344	11.2282	4.2132	2.1665	48.51	30.54	0	13.77	0	0	552.1069308	576.8963447	1247.10219	15.7195556	9.693938181	-9.600000381	19.72422686	63.9494	509	4.99	56.4937	99.95	1.45	13.98	139.56	2004387	0	0	940.3114	20.8	0.628	6.6	35	0.74	130	0.007	68	0.845	1.6	0.04	1.8	330	1.08	6.43
PrimeStrs_6989_QC-2024	MA	2024	PrimeStrs-6989	PrimeStrs-6989-QC-2024	PrimeStrs-6989-QC	13-Aug-24	Massapoag Brook	42.120516	-71.164263	5866989	59c	59	Strs	3.7656	14.2785	55.3786	71.7904	3.5146	14.8763	2.7265	3.4838	68.1092	1.2353	0.0349	0.1326	3.8684	0.0041	8.00E-04	185.4273	0.651496901	13.62	0.0016	0.1912	20.36	578.194	10.4243	3.902	1.9986	27.2	36.64	0.67	16.85	0.67	0	17380.21559	19088.30806	1271.296228	15.46055785	9.817839135	-7.563025753	19.06455343	7.3063	509	3.6644	64.2214	117.1195	0.992	23.4712	143.5753	2004387	3.50E-05	17.8844	819.907				16.8	0.13	36	0.0041	30	0.338	0.47	0.026	0.92	78	0.821	8.25
PrimeStrs_6989-2024	MA	2024	PrimeStrs-6989	PrimeStrs-6989-2024	PrimeStrs-6989	13-Aug-24	Massapoag Brook	42.120516	-71.164263	5866989	59c	59	Strs	3.7656	14.2785	55.3786	71.7904	3.5146	14.8763	2.7265	3.4838	68.1092	1.2353	0.0349	0.1326	3.8684	0.0041	8.00E-04	185.4273	0.651496901	13.62	0.0016	0.1912	20.36	578.194	10.4243	3.902	1.9986	27.2	36.64	0.67	16.85	0.67	0	17380.21559	19088.30806	1271.296228	15.46055785	9.817839135	-7.563025753	19.06455343	7.3063	509	3.6644	64.2214	117.1195	0.992	23.4712	143.5753	2004387	3.50E-05	17.8844	819.907	23.8	181.5	8.34	17.2	0.13	36	0.0053	28	0.384	0.51	0.026	0.89	82	1.08	8.38
PrimeStrs_6989-2025	MA	2025	PrimeStrs-6989	PrimeStrs-6989-2025	PrimeStrs-6989	6-Sep-25	Massapoag Brook	42.120516	-71.164263	5866989	59c	59	Strs	3.7656	14.2785	55.3786	71.7904	3.5146	14.8763	2.7265	3.4838	68.1092	1.2353	0.0349	0.1326	3.8684	0.0041	8.00E-04	185.4273	0.651496901	13.62	0.0016	0.1912	20.36	578.194	10.4243	3.902	1.9986	27.2	36.64	0.67	16.85	0.67	0	17380.21559	19088.30806	1271.296228	15.46055785	9.817839135	-7.563025753	19.06455343	7.3063	509	3.6644	64.2214	117.1195	0.992	23.4712	143.5753	2004387	3.50E-05	17.8844	819.907	21.6	223	8.4	17.2	0.05	39	0.0032	13	0.472	0.47	0.014	0.77	140	0.649	7.32
PrimeStrs_7023-2023	MA	2023	PrimeStrs-7023	PrimeStrs-7023-2023	PrimeStrs-7023	8/5/23	Unnamed Tributary	42.122699	-73.14995	6107023	58d	58	SomeStrs	3.8727	7.5672	45	481.5841	2.0549	13.902	1.9428	5.0556	67.8239	1.571	0.0503	0.1404	2.9953	0.0149	0.3999	100.5255	0.805306652	0.65	0.0067	0.23	100	696.6904	12.997	4.9158	2.5589	1.14	83.94	2.74	5.67	2.74	0	4202.561795	3378.218026	1298.366464	12.48541933	7.649670365	-11.31059728	17.21315705	134.5779	696.8884	6.21	42.19	96.6	2.22	4.04	130.17	690703.1531	4.46E-06	10.3508	787.165	20	8.58	8.58	24.4	0.14	6.7	0.0018	23	0.489	0.63	0.005	0.97	50	0.325	6.98
PrimeStrs_7147-2023	MA	2023	PrimeStrs-7147	PrimeStrs-7147-2023	PrimeStrs-7147	8/5/23	West Branch Farmington River	42.070446	-73.061886	6107147	58d	58	SomeStrs	9.027	246.3444	44.3426	377.0776	3.1267	14.3268	3.4133	4.6566	66.6597	1.6847	0.0182	0.1304	2.6169	0.0117	0.4783	152.5295	0.802854432	0.43	0.0067	0.23	67.56	710.3412	13.2159	4.9977	2.601	0.89	87.57	2.32	4.43	2.32	0	10240.68438	8291.151129	1298.334224	13.42667129	7.700398203	-11.49795612	21.00451597	136.994	697	6.0327	40.9477	119.8292	1.8095	6.1105	115.9318	690776	2.42E-05	38.8994	728.5183	20.8	130	9.44	16.2	0.05	19	0.0019	36	3	3	0.005	1.1	68	0.295	7.01
PrimeStrs_7147-2025	MA	2025	PrimeStrs-7147	PrimeStrs-7147-2025	PrimeStrs-7147	7-Sep-25	West Branch Farmington River	42.070446	-73.061886	6107147	58d	58	Strs	9.027	246.3444	44.3426	377.0776	3.1267	14.3268	3.4133	4.6566	66.6597	1.6847	0.0182	0.1304	2.6169	0.0117	0.4783	152.5295	0.802854432	0.43	0.0067	0.23	67.56	710.3412	13.2159	4.9977	2.601	0.89	87.57	2.32	4.43	2.32	0	10240.68438	8291.151129	1298.334224	13.42667129	7.700398203	-11.49795612	21.00451597	136.994	697	6.0327	40.9477	119.8292	1.8095	6.1105	115.9318	690776	2.42E-05	38.8994	728.5183	16.2	149.5	9.69	31	0.05	20	0.0012	36	0.41	0.41	0.014	1.2	75	0.245	7.58
PrimeStrs_7407-2022	MA	2022	PrimeStrs-7407	PrimeStrs-7407-2022	PrimeStrs-7407	9/11/22	Rosemary Brook	42.3196947	-71.24615807	5867407	59d	59	HighStrs	1.6236	10.053	58	35.9908	1.9617	12.8694	5.3049	6.7256	60.4941	3.6988	0.0436	0.2285	1.4711	0.0167	0.1802	107.5313	0.578707339	29.98	0	0.16	2.38	578.1701	10.5326	3.947	2.0256	54.04	14.47	0	5.27	0	0	12836.32313	14904.78888	1231.322569	15.66396383	9.757323341	-7.944013357	19.03232715	7.1563	509	4.71	52.5	100.05	0.64	16.75	104.14	2004387	0	0	780.4496	20.3	0.759	8.1	46.2	0.13	180	0.003	35	0.482	0.61	0.046	1	390	0.649	6.59
PrimeStrs_7435-2024	MA	2024	PrimeStrs-7435	PrimeStrs-7435-2024	PrimeStrs-7435	14-Aug-24	Charles River	42.258074	-71.262729	5867435	59d	59	Strs	3.7476	476.8776	58.4604	45.2238	3.2958	15.0922	5.6681	7.0191	60.1469	3.6063	0.0262	0.2271	2.4728	0.009	0.4053	148.4034	0.610216571	6.38	0.0115	0.18	26.61	581.9047	10.5858	3.9667	2.0354	13.42	58.57	2.57	13.19	2.57	0	12689.82904	13171.44527	1249.263117	15.70451759	9.754924097	-7.789409287	21.32290375	15.5266	509	7.2	45.99	127.1	0.77	8.09	103.16	2004387	0.00018386	92.8465	809.6263	24.1	485.6	8.56	44.7	0.74	97	0.0024	68	0.543	1.3	0.031	0.8	240	0.49	7.11
PrimeStrs_7435-2025	MA	2025	PrimeStrs-7435	PrimeStrs-7435-2025	PrimeStrs-7435	5-Sep-25	Charles River	42.258074	-71.262729	5867435	59d	59	Strs	3.7476	476.8776	58.4604	45.2238	3.2958	15.0922	5.6681	7.0191	60.1469	3.6063	0.0262	0.2271	2.4728	0.009	0.4053	148.4034	0.610216571	6.38	0.0115	0.18	26.61	581.9047	10.5858	3.9667	2.0354	13.42	58.57	2.57	13.19	2.57	0	12689.82904	13171.44527	1249.263117	15.70451759	9.754924097	-7.789409287	21.32290375	15.5266	509	7.2	45.99	127.1	0.77	8.09	103.16	2004387	0.00018386	92.8465	809.6263	22.7	650	8.31	46.7	0.57	120	0.001	28	1.15	1.7	0.021	0.97	300	0.164	7.72
PrimeStrs_7451-2024	MA	2024	PrimeStrs-7451	PrimeStrs-7451-2024	PrimeStrs-7451	14-Aug-24	Rock Meadow Brook	42.249836	-71.222694	5867451	59c	59	Strs	2.9628	7.0866	57.3612	52.9659	3.5397	14.4935	1.8064	2.4553	70.9377	0.6856	0.0317	0.111	4.3241	0.0036	1.00E-04	186.4873	0.597132177	10.97	0.0108	0.18	100	577.9906	10.4844	3.9267	2.0133	20.23	40.91	1.37	14.21	1.37	0	11399.88253	11659.34738	1260.911493	15.64265162	9.758031921	-7.676397187	18.65880944	11.2363	509	6.7952	47.6656	122.1269	0.8871	9.1689	109.8274	2004387	6.46E-05	41.6723	809.1604	21.4	581	8.38	38	0.26	130	0.0028	41	0.941	1.2	0.058	0.91	300	0.574	6.94
PrimeStrs_7579-2024	MA	2024	PrimeStrs-7579	PrimeStrs-7579-2024	PrimeStrs-7579	13-Aug-24	Mary Lee Brook	42.158573	-71.029889	5867579	59c	59	Strs	3.6666	3.6666	54.9553	63.4018	3.4303	15.4045	4.3208	5.267	63.5081	2.2366	0.0393	0.1656	2.931	0.0053	0.0027	189.8483	0.533426435	27.73	6.00E-04	0.1894	87.09	573.0093	10.2263	3.8204	1.9509	46.56	23.78	0.17	20.81	0.17	0	26317.89891	30165.72969	1272.676823	15.45292648	9.944504018	-7.249435502	18.57376153	7.2353	511.2246	4.7114	57.6378	103.8363	1.3949	15.9073	140.245	2003211.895	8.73E-06	4.5918	883.8535	18.1	458.2	8.54	52.2	1.2	84	0.0016	72	0.538	1.7	0.031	2.3	250	0.317	8.14
PrimeStrs_7587-2025	MA	2025	PrimeStrs-7587	PrimeStrs-7587-2025	PrimeStrs-7587	8-Sep-25	Quinebaug River	42.109561	-72.118569	6147587	59b	59	Strs	3.6162	165.2166	53.3444	225.2441	1.9657	15.0865	4.0599	7.8347	61.084	3.4868	0.0694	0.1688	2.1798	0.0318	0.2099	103.5209	0.533350754	9.93	0.0145	0.2162	100	676.4711	12.591	4.749	2.462	17.79	60.23	4.9	6.77	4.9	0	7713.772019	7706.421759	1241.719885	14.26699873	8.62468041	-9.998382357	20.76884219	96.3314	689	6.4267	45.7771	74.8274	0.7885	5.4416	139.1396	393382	3.96E-05	208.5645	741.8136	21.4	159.6	8.85	17.1	0.05	28	0.0021	33	0.524	0.52	0.016	1.6	94	0.424	7.31
PrimeStrs_7673-2024	MA	2024	PrimeStrs-7673	PrimeStrs-7673-2024	PrimeStrs-7673	13-Aug-24	Not Available	42.421301	-71.169094	5867673	59d	59	Strs	15.0696	102.1176	55.7901	55.1025	3.0564	16.0812	7.4315	8.4739	54.8738	4.492	0.0548	0.2013	1.3324	0.0087	0.3727	208.8204	0.486314501	45.01	0.001	0.1796	16.14	604.7761	10.9778	4.1191	2.1181	73.24	9.1	0.13	6.42	0.13	0	186784.7724	224122.1611	1247.61787	15.39212483	9.666808751	-7.694177039	19.99056222	7.1292	509.9452	4.6919	55.6621	102.5977	1.0949	16.3727	125.963	2003062.546	1.11E-05	1.5952	833.3915	19.6	751	8.68	74.1	0.93	160	0.0039	32	0.545	1.5	0.054	2.6	430	0.786	7.89
PrimeStrs_8209_QC-2023	MA	2023	PrimeStrs-8209	PrimeStrs-8209-QC-2023	PrimeStrs-8209-QC	7/31/23	East Branch Ware River	42.454408	-71.950516	7688209	58g	58	Strs	2.826	35.0919	51	293.2322	1.1878	14.5135	0.9964	7.0809	59.7603	2.7465	0.0532	0.1356	2.9649	0.0502	0.1392	71.8406	0.67251158	2.12	0.0161	0.22	0	646.0595	11.997	4.5424	2.3699	4.36	60.95	4.2	21.09	4.2	0	3871.38251	3407.98443	1213.035535	13.59013209	7.743883416	-11.37570048	18.45791263	99.5721	469	6.44	45.66	73.97	0.79	5.36	139.3	439717	3.67E-05	241.4654	756.7761				2.8	0.05	11	8.00E-04	70	0.43	0.43	0.027	1	38	0.161	6.24
PrimeStrs_8209-2023	MA	2023	PrimeStrs-8209	PrimeStrs-8209-2023	PrimeStrs-8209	7/31/23	East Branch Ware River	42.454408	-71.950516	7688209	58g	58	Strs	2.826	35.0919	51	293.2322	1.1878	14.5135	0.9964	7.0809	59.7603	2.7465	0.0532	0.1356	2.9649	0.0502	0.1392	71.8406	0.67251158	2.12	0.0161	0.22	0	646.0595	11.997	4.5424	2.3699	4.36	60.95	4.2	21.09	4.2	0	3871.38251	3407.98443	1213.035535	13.59013209	7.743883416	-11.37570048	18.45791263	99.5721	469	6.44	45.66	73.97	0.79	5.36	139.3	439717	3.67E-05	241.4654	756.7761	20.4	70	7.71	4.4	0.05	11	9.00E-04	74	2.27	2.3	0.012	1.4	32	0.189	6.53
PrimeStrs_8233-2024	MA	2024	PrimeStrs-8233	PrimeStrs-8233-2024	PrimeStrs-8233	17-Aug-24	Stillwater River	42.424077	-71.796867	6078233	59h	59	Strs	0.7245	73.0656	52.3826	134.7401	1.4149	14.4371	1.7106	6.9977	59.8164	2.7339	0.0498	0.1382	2.7541	0.0482	0.1719	80.2055	0.523878472	8.82	0.0349	0.18	0	659.304	12.2208	4.613	2.3952	17.15	36.52	17.39	20.37	17.39	0	1519.47814	1468.640425	1187.123175	14.88140246	9.000230647	-10.29701881	19.96400658	88.9952	494	2.35	71.8784	136.77	0.96	32.24	146.05	594044	2.40E-05	603.1241	893.2	19.9	110.1	8.08	12.7	0.12	18	0.0024	50	0.5	0.62	0.019	1.4	60	0.493	6.44
PrimeStrs_8297-2025	MA	2025	PrimeStrs-8297	PrimeStrs-8297-2025	PrimeStrs-8297	8-Sep-25	Turkey Hill Brook	42.26298	-71.99318	7688297	59b	59	Strs	3.1095	44.2134	52.9395	257.0947	2.2082	14.2256	4.1516	6.6727	60.389	2.6635	0.0408	0.1491	2.0409	0.0409	0.2888	107.9845	0.565493451	3.32	0.0366	0.2034	59.07	672.3617	12.4841	4.7224	2.46	6.8	63.59	14.53	4.4	14.53	0	7460.791587	7262.971998	1226.567933	13.90039436	8.538305808	-10.00567283	19.22628038	95.5063	469	6.4116	46.9585	74.4062	0.7912	5.5467	139.3469	439717	9.49E-05	573.6512	744.0865	18.3	157.3	9.4	19.1	0.05	25	0.0025	37	0.547	0.55	0.014	0.82	100	0.508	7.38
PrimeStrs_8571-2024	MA	2024	PrimeStrs-8571	PrimeStrs-8571-2024	PrimeStrs-8571	13-Aug-24	Town Brook	41.952626	-70.667944	5878571	84a	84	Strs	2.5263	23.9553	55.331	35.664	2.7317	14.4311	1.65	4.3767	67.3633	1.47	0.0333	0.12	3.3633	0.0098	0.0919	136.5466	0.445341019	27.08	0.0074	0.1262	0	589.964	9.9765	3.7131	1.8833	46.59	21.06	4.17	5.24	0.46	3.71	12814.37355	14910.33432	1303.135193	15.16199273	10.09893426	-5.996009979	20.06643696	13.109	700	2.5866	83.0961	170.4243	0.2718	45.2956	150.3319	2245464	0.000306429	61.7381	774.7848	22.1	234	8.41	27.5	0.26	48	0.0012	17	0.679	0.94	0.026	2.5	100	0.246	8.79
PrimeStrs_8773_QC-2025	MA	2025	PrimeStrs-8773	PrimeStrs-8773-QC-2025	PrimeStrs-8773-QC	9-Sep-25	Not Available	42.6447477	-72.5432393	6778773	59a	59	Strs	8.8263	91.2384	48.2285	116.7283	0.711	10.0789	1.4829	3.2704	69.4994	1.5111	0.0905	0.1333	2.4488	0.0665	0.1284	87.3092	0.513081736	3.31	0.0332	0.1886	100	643.7124	12.0518	4.5581	2.3742	6.93	69.22	15.28	2.79	14.88	0.4	17219.46254	16100.28012	1206.847561	14.5510708	8.301585211	-10.98004496	19.81188964	121.8387	642.2129	6.195	50.5946	119.8379	0.5713	13.024	120.8397	385724.4189	0.000698637	157.5379	724.1947				27.9	0.69	75	0.0035	6	0.15	0.69	0.005	0.32	200	0.701	7.21
PrimeStrs_8773-2024	MA	2024	PrimeStrs-8773	PrimeStrs-8773-2024	PrimeStrs-8773	16-Aug-24	Not Available	42.6447477	-72.5432393	6778773	59a	59	Strs	8.8263	91.2384	48.2285	116.7283	0.711	10.0789	1.4829	3.2704	69.4994	1.5111	0.0905	0.1333	2.4488	0.0665	0.1284	87.3092	0.513081736	3.31	0.0332	0.1886	100	643.7124	12.0518	4.5581	2.3742	6.93	69.22	15.28	2.79	14.88	0.4	17219.46254	16100.28012	1206.847561	14.5510708	8.301585211	-10.98004496	19.81188964	121.8387	642.2129	6.195	50.5946	119.8379	0.5713	13.024	120.8397	385724.4189	0.000698637	157.5379	724.1947	17.3	171	10.32	30.3	0.34	31	0.0012	7	0.15	0.34	0.011	0.77	65	0.25	7.49
PrimeStrs_8773-2025	MA	2025	PrimeStrs-8773	PrimeStrs-8773-2025	PrimeStrs-8773	9-Sep-25	Not Available	42.6447477	-72.5432393	6778773	59a	59	Strs	8.8263	91.2384	48.2285	116.7283	0.711	10.0789	1.4829	3.2704	69.4994	1.5111	0.0905	0.1333	2.4488	0.0665	0.1284	87.3092	0.513081736	3.31	0.0332	0.1886	100	643.7124	12.0518	4.5581	2.3742	6.93	69.22	15.28	2.79	14.88	0.4	17219.46254	16100.28012	1206.847561	14.5510708	8.301585211	-10.98004496	19.81188964	121.8387	642.2129	6.195	50.5946	119.8379	0.5713	13.024	120.8397	385724.4189	0.000698637	157.5379	724.1947	13.8	355.3	10.29	28.6	0.68	75	0.0023	5	0.15	0.68	0.005	0.3	180	0.457	7.24
PrimeStrs_8803_QC-2025	MA	2025	PrimeStrs-8803	PrimeStrs-8803-QC-2025	PrimeStrs-8803-QC	7-Sep-25	West Branch Westfield River	42.332167	-73.074457	6098803	58c	58	Strs	4.5603	60.0759	43.09	430.713	2.4087	13.8391	2.4396	5.1666	67.328	1.7877	0.0311	0.1301	2.678	0.0089	0.1643	133.2324	0.806636814	0.59	0.0036	0.23	100	751.8628	14.1249	5.3243	2.758	0.99	89.38	1.22	4.15	1.22	0	5361.469319	4292.043912	1289.674023	12.90215144	7.110907551	-11.29407919	18.66670073	135.5418	711	5.8515	39.7557	143.5773	1.3763	8.2272	101.3756	561412	2.30E-06	4.4927	721.4969				43.3	0.05	15	0.0054	19	0.342	0.34	0.005	0.48	91	1.1	7.65
PrimeStrs_8803-2023	MA	2023	PrimeStrs-8803	PrimeStrs-8803-2023	PrimeStrs-8803	8/6/23	West Branch Westfield River	42.332167	-73.074457	6098803	58b	58	SomeStrs	4.5603	60.0759	43.09	430.713	2.4087	13.8391	2.4396	5.1666	67.328	1.7877	0.0311	0.1301	2.678	0.0089	0.1643	133.2324	0.806636814	0.59	0.0036	0.23	100	751.8628	14.1249	5.3243	2.758	0.99	89.38	1.22	4.15	1.22	0	5361.469319	4292.043912	1289.674023	12.90215144	7.110907551	-11.29407919	18.66670073	135.5418	711	5.8515	39.7557	143.5773	1.3763	8.2272	101.3756	561412	2.30E-06	4.4927	721.4969	18.2	195.1	9.5	34.2	0.05	22	0.0045	22	0.15	0.15	0.005	0.76	86	0.847	7.52
PrimeStrs_8803-2025	MA	2025	PrimeStrs-8803	PrimeStrs-8803-2025	PrimeStrs-8803	7-Sep-25	West Branch Westfield River	42.332167	-73.074457	6098803	58c	58	Strs	4.5603	60.0759	43.09	430.713	2.4087	13.8391	2.4396	5.1666	67.328	1.7877	0.0311	0.1301	2.678	0.0089	0.1643	133.2324	0.806636814	0.59	0.0036	0.23	100	751.8628	14.1249	5.3243	2.758	0.99	89.38	1.22	4.15	1.22	0	5361.469319	4292.043912	1289.674023	12.90215144	7.110907551	-11.29407919	18.66670073	135.5418	711	5.8515	39.7557	143.5773	1.3763	8.2272	101.3756	561412	2.30E-06	4.4927	721.4969	14.6	9.51	143	42.5	0.05	12	0.0027	18	0.354	0.35	0.005	0.44	78	0.544	7.58
PrimeStrs_9606-2023	MA	2023	PrimeStrs-9606	PrimeStrs-9606-2023	PrimeStrs-9606	8/6/23	Wahconah Falls Brook	42.484309	-73.148521	7709606	58b	58	Strs	0.4896	49.9185	46	354.5276	0.1307	0.6619	32.2446	1.1126	8.1647	8.3984	0.0781	0.0641	0.1597	0.031	0.1281	118.1349	0.509025437	14.34	0.0516	0.2705	4.96	685.6128	12.9968	4.8946	2.5317	28.67	33.63	13.79	18.2	13.79	0	1945.783171	2262.570125	1217.934561	13.31925388	7.260212095	-12.21985283	18.22874007	149.3082	667	8.178	45.598	118.5586	5.4329	24.2804	146.5562	612411	3.60E-06	61.8602	879.4908	19.4	252	9.7	65.2	0.12	30	0.0125	27	0.34	0.46	0.059	0.44	140	2.49	7.64
PrimeStrs_9628-2022	MA	2022	PrimeStrs-9628	PrimeStrs-9628-2022	PrimeStrs-9628	9/6/22	Onota Brook	42.46609887	-73.25488434	7709628	58b	58	HighStrs	1.683	29.7279	46	324.9139	0.15	0.9	33.2	1.3557	11.15	2.735	0.1	0.085	0.15	0.0006	0.1476	108.6189	0.386775263	23.09	0.0386	0.27	91.71	646.169	12.2275	4.6105	2.389	41.24	19.89	6.84	2.78	6.84	0	7391.01657	8543.72514	1134.553224	13.53566881	7.500521866	-12.03930492	17.91122193	120.0968	667	7.35	52.3744	118.49	5.75	28.27	148.97	612411	6.89E-06	32.11	840.7455	19.2	0.254	8.1	85.8	0.18	16	0.003	16	0.415	0.6	0.017	2.4	110	0.64	8.13
PrimeStrs_9666-2023	MA	2023	PrimeStrs-9666	PrimeStrs-9666-2023	PrimeStrs-9666	8/5/23	Southwest Branch Housatonic River	42.43989713	-73.29401043	7709666	58b	58	HighStrs	0.3339	52.5717	45.1456	317.6596	0.15	0.9	33.2	1.3557	11.15	2.735	0.1	0.085	0.15	6.00E-04	0.1476	108.6189	0.397342858	27.51	0.0657	0.28	100	653.7024	12.3528	4.6612	2.4179	48.24	16.18	7.55	6.47	7.55	0	1250.658888	1363.214957	1115.060323	13.58606971	7.557514264	-12	18.97432501	134.0895	667	12.3	34.02	118.9	3.48	4.42	134.54	612411	1.23E-06	28.4568	784.6173	21.5	436	8.93	120	0.15	25	0.0039	22	3.81	4	0.016	1.9	150	0.787	7.77
PrimeStrs_97435-2025	MA	2025	PrimeStrs-97435	PrimeStrs-97435-2025	PrimeStrs-97435	7-Sep-25	Westfield River	42.15510819	-72.81341348	6097435	58e	58	Strs	7.2702	919.3203	43.9432	96.9889	0.854	11.0633	1.1593	4.1904	67.871	1.7373	0.0571	0.1258	2.4895	0.0549	0.1316	95.5135	0.382899502	6.6	0.0412	0.2238	47.72	700.3035	13.0371	4.9183	2.5514	12.71	52.2	17.29	2.7	5.29	12	21122.3984	22007.01061	1215.196442	15.24638364	9.401662334	-9.704419263	23.03194453	148.7696	711	2.9309	65.9867	129.3733	0.9263	28.5618	146.0562	561412	0.000457437	1012.8556	839.502	20	158.2	10.18	29.1	0.15	25	6.00E-04	11	0.338	0.49	0.012	0.62	100	0.123	7.79
